date,Temperature,Rain,Wd,Ws,Pres,RH,dew point Max,dew point Avg,dew point Min,Classes
2023-06-01,22.3,0.2,158,9.2,1013.7,79.6,17,15.5,11,0
2023-06-02,23.4,0,157,9.1,1012.4,81.2,18,15.9,14,0
2023-06-03,20.8,0,237,8.7,1014.3,83.4,17,15.9,14,0
2023-06-04,24,9.6,270,8.7,1013.4,79.8,18,16.6,15,0
2023-06-05,24.3,0,97,9.1,1014.4,80,19,16.4,9,0
2023-06-06,23.7,0,98,9.3,1015,80.4,19,17.5,16,0
2023-06-07,27.7,3.2,143,7.9,1013,82.2,21,18.4,16,0
2023-06-08,26,0.3,116,9.2,1010.2,85.5,22,20.8,19,0
2023-06-09,26,2.2,83,9.8,1011.7,79.4,21,19.7,18,0
2023-06-10,26,0,137,8,1013.4,72.8,23,17.2,14,0
2023-06-11,25,0,173,11.3,1014.3,75,20,16.7,13,0
2023-06-12,26,2,186,11.2,1013.1,78.4,21,18.4,16,0
2023-06-13,25,5.1,156,17.2,1009.2,71,20,18,16,0
2023-06-14,27,1.7,248,10.9,1011.4,72.8,19,17.2,13,0
2023-06-15,27,0.9,173,7.8,1017.4,72.1,19,16.8,15,0
2023-06-16,26,0,172,11.8,1017.5,69.1,19,16.3,14,0
2023-06-17,27,0,196,9.2,1014.7,66,19,15.3,14,0
2023-06-18,29,0,151,11.6,1010.6,65.1,22,18,13,0
2023-06-19,39,0,221,14.8,1009.3,34.8,20,14,6,0
2023-06-20,34,0,122,12.6,1011,76,22,19.6,6,0
2023-06-21,29.3,0,127,12.2,1011.2,84.4,23,21.3,13,0
2023-06-22,27,0,102,13.8,1017.4,85.2,23,21.9,18,0
2023-06-23,26,0,79,8.2,1020.5,86,23,22,19,0
2023-06-24,27.6,0,127,7.7,1018.2,75.1,22,18.9,15,0
2023-06-25,27,0,117,9.5,1017.2,73.6,21,18.5,16,0
2023-06-26,27,0,159,9.3,1018.3,76.8,21,18.5,17,0
2023-06-27,28,0,159,10.2,1017.2,70.5,22,17.6,14,1
2023-06-28,30,0,188,9.7,1013.8,72.3,24,19,13,1
2023-06-29,28,0,123,8.9,1013.4,75.8,23,19.8,16,0
2023-06-30,28.6,0,83,8.7,1013.9,77.9,23,20.6,17,0
2023-07-01,27,1,97,9.4,1015.4,76.8,22,20.1,17,0
2023-07-02,28.5,0,141,8.3,1015.6,74.6,21,19.3,18,0
2023-07-03,28,0,123,8.7,1016,73.3,22,19.6,18,0
2023-07-04,28,0,139,8.8,1015,76.5,23,20.3,17,0
2023-07-05,28.4,0,133,10.7,1015.1,76.7,23,20.5,15,0
2023-07-06,33.3,0,149,7.8,1012.1,80.9,24,21.6,8,0
2023-07-07,31.2,0,97,12.2,1010.3,81.9,25,23.5,20,0
2023-07-08,29.8,0,85,11.2,1016,85.3,25,23.9,22,0
2023-07-09,34,0,196,18,1017.9,72.7,25,22.4,19,1
2023-07-10,45,0,213,12.7,1017.6,40.1,24,16.9,9,0
2023-07-11,43,0,241,13.9,1015.2,32.4,24,13.5,6,0
2023-07-12,42,0,195,16.8,1013.2,44,25,16.5,9,1
2023-07-13,30.9,0,106,11.1,1015,73.3,27,22.8,13,1
2023-07-14,30,0,80,9.1,1015.3,82.9,25,24.6,24,1
2023-07-15,33.8,0,154,16,1012.2,79,25,23.3,19,0
2023-07-16,30.3,0,88,9.8,1014,84,27,25,19,1
2023-07-17,40.4,0,194,10.5,1015.8,45.9,25,18.3,10,0
2023-07-18,43,0,212,13.1,1016.5,27.3,24,11.4,3,0
2023-07-19,40.1,0,191,16.6,1014.2,43.7,26,13.7,1,0
2023-07-20,31,0,123,8,1012.5,67.8,26,20.9,5,0
2023-07-21,34.7,0,145,11.6,1011.6,57.1,25,20.3,14,0
2023-07-22,36.3,0,125,9.7,1014.2,73.6,27,24.2,18,1
2023-07-23,41,0,219,8.7,1013.2,51.8,25,19,0,1
2023-07-24,46,0,214,17.8,1009.2,23.4,25,6.9,-1,1
2023-07-25,31,0.1,140,9.6,1011.3,76,26,23.4,20,1
2023-07-26,30.3,0,101,11.5,1015.3,75.3,24,22.3,21,0
2023-07-27,30.6,0,128,8.7,1013.4,73.7,23,21.7,20,0
2023-07-28,31,0,98,8.9,1012,75.6,25,23.5,20,0
2023-07-29,31.2,0,119,8.1,1012.5,81.7,25,24.2,23,0
2023-07-30,30,0,68,8,1015.2,82.9,25,24.7,23,0
2023-07-31,30,0,93,8.6,1015.5,76.2,25,23.4,22,0
2023-08-01,30,0,136,9.4,1012.8,77.1,25,22.5,20,1
2023-08-02,31,0,129,9.2,1010.9,67.3,23,20.2,15,0
2023-08-03,34.3,0,169,10,1009.7,56.6,24,18.1,-3,1
2023-08-04,31.9,0,77,11.6,1013.3,69.6,23,19.1,12,0
2023-08-05,29.3,0,179,10.4,1017.2,68.7,19,17.2,15,0
2023-08-06,29,0,159,10.3,1016.5,63.7,20,17,11,0
2023-08-07,28,0,101,12.4,1017.8,70.3,21,19.2,18,0
2023-08-08,28,0,122,9.5,1016.9,69.9,20,19,17,0
2023-08-09,30.2,0,149,10.8,1016.8,73.7,22,19.5,18,0
2023-08-10,31,0,223,10.1,1017.5,61.8,22,17.1,12,0
2023-08-11,31,0,182,9.4,1017.9,60.7,24,17.3,10,1
2023-08-12,29,0,147,9.4,1018,72.8,23,19.6,13,0
2023-08-13,29,0,162,9.8,1015.9,76.4,23,20.3,17,0
2023-08-14,31,0,167,9.9,1013.2,67.7,24,19.5,14,1
2023-08-15,31,0,206,9.4,1013.7,62.3,25,17.8,11,0
2023-08-16,34.6,0,219,9.6,1012.4,44.6,23,14.4,7,1
2023-08-17,32.8,0,132,9,1012.6,60.8,25,18.7,9,1
2023-08-18,30,0,96,9.7,1013.5,76.7,25,23.4,19,1
2023-08-19,30,0,158,10.4,1015.4,72.5,24,20.8,16,1
2023-08-20,30.2,0,164,10.2,1017.4,71.8,23,20.2,16,1
2023-08-21,29.5,0,157,9.4,1017.5,75.7,24,21.7,19,0
2023-08-22,30,0,164,9.1,1016.4,66.8,23,19.1,14,1
2023-08-23,30.4,0,156,8.7,1014.6,67.6,24,19.9,15,0
2023-08-24,31.4,0,150,10.4,1013.7,72.6,24,21.2,17,0
2023-08-25,31,0,166,9.2,1013.2,73,24,21.1,18,0
2023-08-26,37,0,147,8.8,1011.5,73.1,25,20.7,16,0
2023-08-27,30.9,0,215,15.2,1007.7,62.6,25,19.1,13,1
2023-08-28,30,0.4,281,12.9,1014.5,50.3,15,13.6,10,1
2023-08-29,31,0,283,11.9,1012.3,57.3,20,14.7,9,0
2023-08-30,28.4,0,174,9.8,1010.9,60.1,20,15.5,12,0
2023-08-31,28.8,0,141,9.8,1015.7,63.7,20,17.8,15,0
2023-09-01,29.7,0,175,8.5,1015.4,69.8,22,19.2,16,0
2023-09-02,31,5,169,8.4,1013.2,69.3,23,19.8,16,0
2023-09-03,36,0,261,8.8,1011,60.8,23,20,16,0
2023-09-04,35.2,0,163,8.9,1011.5,55,26,19.2,13,1
2023-09-05,29.1,0,63,10.2,1013.4,74,23,21.8,17,0
2023-09-06,29,0,166,9.1,1015.1,68.8,20,18.3,16,0
2023-09-07,27.2,0,111,9.5,1016.2,70.4,20,18.4,16,0
2023-09-08,27.5,0,113,8.2,1016.5,66.1,20,18.8,18,0
2023-09-09,28,0,180,9.7,1015.8,70.3,20,18,17,0
2023-09-10,29,0,192,10.5,1015.2,72.5,22,19,16,1
2023-09-11,29,0,163,13.4,1013.5,73.6,23,20.5,14,1
2023-09-12,30.3,0,142,9.2,1013.2,72.6,23,20.4,5,0
2023-09-13,29,0,91,7,1016,78.3,24,22.3,19,0
2023-09-14,29,0,97,8.4,1015.8,76.8,24,21.6,18,0
2023-09-15,36,6.5,222,11.3,1012.7,67,24,19.4,8,1
2023-09-16,34.2,0,181,9.7,1012,46.7,22,15.3,9,1
2023-09-17,36,0,203,14.8,1012.1,32.8,23,12,3,1
2023-09-18,29.1,0,134,8.6,1016,69.8,23,20.7,18,1
2023-09-19,28.1,0,308,7.6,1015.5,74.5,23,20.8,14,0
2023-09-20,30,0,171,9.4,1014.1,73.1,23,20.9,16,0
2023-09-21,29,0,179,9.4,1011.7,70.7,21,18.4,16,0
2023-09-22,28,0.7,196,8.1,1011.4,62.4,19,16.5,14,0
2023-09-23,27,1.1,348,8.1,1017.9,58,19,14.7,12,0
2023-09-24,27,0,132,11.3,1020.8,59,16,13.4,11,0
2023-09-25,26,0,145,10.1,1019.3,66.1,16,14.9,13,0
2023-09-26,25.3,0.1,40,9.5,1018.8,64.9,16,14.8,14,0
2023-09-27,26,0,101,8.6,1019.2,65.4,17,15.2,13,0
2023-09-28,26,0,150,8.9,1019.1,70.8,20,17.2,15,0
2023-09-29,26,0,192,9.6,1021,76.3,20,18,16,0
2023-09-30,26.4,0,184,9.4,1023.2,75.1,19,17.2,13,1
2023-10-01,30.6,0,190,11.4,1022.6,65.1,20,15.2,12,0
2023-10-02,27,0,204,9.4,1021.4,68.5,20,16.1,13,0
2023-10-03,27.4,0,190,12.4,1021.1,71.7,22,17.4,13,0
2023-10-04,27.2,0,165,9.4,1024,74.9,20,18.3,16,1
2023-10-05,26,0,186,9.4,1023.9,75.8,20,18.2,15,0
2023-10-06,28,0,203,11.3,1023.5,70.8,20,17,12,1
2023-10-07,26,0,178,10,1023.2,74.6,19,17.5,15,1
2023-10-08,25.2,0,181,9.3,1023.2,73.4,18,15.9,10,0
2023-10-09,26,0,212,10.1,1022.6,73,19,16,14,0
2023-10-10,26.1,0,197,9.4,1021.1,70.5,20,16.1,13,1
2023-10-11,29,0,202,11.1,1020.3,63.1,22,15.2,11,1
2023-10-12,31,0,221,15.9,1020.6,47.5,21,11.7,7,1
2023-10-13,35,0,226,16.9,1020.8,33.8,16,7.7,5,1
2023-10-14,34.5,0,238,18.8,1018.8,40.8,19,8.9,2,1
2023-10-15,27,0.7,206,9.7,1017.6,64.9,19,14.6,11,0
2023-10-16,27.1,0,221,10.3,1013.9,65.1,19,14.8,12,1
2023-10-17,33,0,238,11.8,1011.8,43.3,18,10.5,4,1
2023-10-18,35,0,251,21.2,1010.5,41.2,20,9.6,2,1
2023-10-19,27.7,0,216,11.2,1005.6,70.8,20,17.3,15,1
2023-10-20,28.9,0,263,11.3,1000.5,46,18,11.3,7,1
2023-10-21,26.9,0,258,8.8,1009,50.4,12,8.9,1,0
2023-10-22,24.5,0,227,9.1,1010.1,60.7,16,11.8,5,0
2023-10-23,33,0,272,15.6,1010.5,34.7,18,7.8,2,1
2023-10-24,30,7.5,270,9.8,1015.4,54.6,19,14.3,9,1
2023-10-25,26.9,0,224,10.1,1015.1,59.7,15,11.7,7,0
2023-10-26,29,0,225,12.2,1012.3,64.2,18,14,11,0
2023-10-27,29,0.2,216,13.6,1010.9,63.4,18,14.3,9,0
2023-10-28,25,0,146,8.6,1013.1,73,25,16.5,14,0
2023-10-29,25,0,190,8.7,1010.2,79.4,18,17,15,0
2023-10-30,27.4,0,188,12.3,1008.2,61,18,13.7,7,0
2023-10-31,26.3,0,198,8.5,1016.4,72.9,17,14.8,10,0
2022-06-01,26,0.5,168,5.9,1013.8,,,,,0
2022-06-02,26.1,0,106,10.3,1012.8,,,,,0
2022-06-03,25.6,0,120,11.2,1013.7,77.7,20,19,18,0
2022-06-04,26.8,0,159,10.4,1015.3,71.1,20,17,14,1
2022-06-05,28.1,0,143,8.6,1018.8,64.6,19,15.8,13,0
2022-06-06,27.1,0,97,9.1,1017.6,74.3,20,18.1,14,0
2022-06-07,27.4,0,112,8.3,1016.6,82.9,21,20,17,0
2022-06-08,26.8,0,141,8.9,1014,76.8,20,18,15,0
2022-06-09,26.5,0,98,9.8,1016.2,70,21,17.5,14,0
2022-06-10,26.2,0,92,9.3,1019.7,63.9,19,15.4,11,0
2022-06-11,25.3,0,137,10.8,1020.5,66.3,17,14.2,10,0
2022-06-12,26.4,0,169,9.9,1020.1,75.7,20,16.6,14,0
2022-06-13,29.1,0,192,10.5,1017.3,65.8,21,15.9,10,0
2022-06-14,31.6,0,138,8.6,1014.6,58.4,22,15.9,8,1
2022-06-15,29.4,0,143,9.5,1015.7,66.9,24,17.8,11,1
2022-06-16,28.7,0,114,8.8,1016.8,68.3,24,18,11,1
2022-06-17,30.2,0,170,10.6,1017.6,67.7,23,17.8,11,0
2022-06-18,30.5,0,177,10.3,1015,62.1,22,17,11,0
2022-06-19,31.6,0,219,11,1011,62,22,17.2,12,0
2022-06-20,29.5,0,166,9.5,1011.4,64.8,24,18.6,11,1
2022-06-21,29.6,0,101,7.8,1010.8,69.5,22,20.3,17,0
2022-06-22,29.9,0,94,8.2,1012.6,62.6,21,18.4,16,0
2022-06-23,29.4,0,138,8.3,1015.1,67.5,21,18,16,0
2022-06-24,29.1,0,333,8.7,1014.6,72.4,21,19.3,18,0
2022-06-25,27.7,0,131,13.3,1011.9,75,21,19.5,18,0
2022-06-26,27.1,0,150,10.3,1009.6,78.7,21,19.6,16,0
2022-06-27,28.2,0,103,7.9,1012.9,73,24,18.9,16,1
2022-06-28,27.6,0,110,8.3,1016.9,73.2,21,18.6,15,0
2022-06-29,27.4,0,94,8.1,1013,78.4,22,20.2,19,0
2022-06-30,27.9,0,131,10.9,1010.1,78,23,20.6,11,0
2022-07-01,30.3,0,76,6.9,1014.4,78.3,23,22,21,0
2022-07-02,28.5,0,77,8.6,1015.6,85.6,24,23.3,23,0
2022-07-03,36.7,0,154,9.1,1015.5,67.8,24,21.2,18,0
2022-07-04,31.4,0,112,12.4,1015.9,79,24,22.8,18,0
2022-07-05,29.8,0,84,9.4,1016.5,83.9,25,23.1,19,0
2022-07-06,31.3,0,91,8.9,1016.6,81.4,25,23.7,20,0
2022-07-07,29.6,0,43,10.5,1018.6,71.7,23,21.6,17,0
2022-07-08,29,0,85,9.2,1021,70,21,19.6,17,0
2022-07-09,28.5,0,127,9.5,1020.2,70.4,20,18.3,16,0
2022-07-10,28.7,0,159,10.4,1017,68.8,21,18,15,0
2022-07-11,28.7,0,131,9.6,1015.5,70.1,21,18.1,15,1
2022-07-12,30.8,0,101,9.4,1015.7,75.6,24,21.1,17,1
2022-07-13,29.9,0,125,10.1,1018.7,77,24,21.9,18,0
2022-07-14,29.4,0,120,8.4,1018.3,74.7,22,20.4,17,0
2022-07-15,29.3,0,138,9.1,1015.3,72.5,22,19.8,16,1
2022-07-16,29.4,0,140,8.8,1015,71.4,23,19.5,15,0
2022-07-17,29.6,0,113,7.9,1016.2,76.2,24,22.9,20,1
2022-07-18,29.7,0,138,10.7,1016,77.2,24,20.9,15,0
2022-07-19,29.4,0,102,8.3,1015.2,78.5,24,21.8,17,0
2022-07-20,29.4,0,109,8.9,1016.1,79.9,24,22.5,19,0
2022-07-21,29.3,0,105,8.8,1016.7,80.7,25,22.5,19,0
2022-07-22,30.5,0,144,10.2,1015.1,77.8,24,21.9,19,0
2022-07-23,31.8,0,158,10,1015.9,75.9,25,21.4,17,0
2022-07-24,31,0,163,8.6,1015.8,67,25,19.2,11,0
2022-07-25,31.6,0,150,11.8,1014.5,67.5,25,19.3,11,1
2022-07-26,30.3,0,138,10.8,1013,73.2,25,20.8,14,1
2022-07-27,30.4,0,124,8.8,1012.5,73.1,24,21.2,17,0
2022-07-28,31.1,0,153,11.7,1012.4,78.4,24,21.7,20,1
2022-07-29,31.9,0,149,12.8,1012.6,77.1,25,21.5,15,1
2022-07-30,29,0,96,9.3,1015.9,78.9,25,22.2,17,0
2022-07-31,30,0,116,8.1,1015.6,77.1,24,22.6,21,0
2022-08-01,31.6,0,168,9.2,1015,71,23,21.4,18,0
2022-08-02,29.7,0,123,8.8,1015.4,74.4,23,19.7,15,1
2022-08-03,29.8,0,142,9.1,1013.8,72.3,23,20.2,17,0
2022-08-04,31.6,0,100,8.7,1012.9,73.9,25,21.1,16,0
2022-08-05,31.9,0,149,8.9,1013.6,78,25,23,21,0
2022-08-06,30,0,146,9,1015.3,78,25,22.2,17,0
2022-08-07,29.9,0,163,9.4,1014.5,69.8,23,19.6,16,0
2022-08-08,30.7,0,157,10.2,1014.7,67.8,25,19.5,12,0
2022-08-09,30.5,0,166,8.9,1015.3,72.3,24,20.6,16,0
2022-08-10,29,0,159,8.8,1015.3,73.7,23,20.4,17,0
2022-08-11,29.8,0,171,9.1,1013.8,71.3,24,19.8,16,1
2022-08-12,29.6,0,176,9.1,1014.1,66.7,23,18.7,12,1
2022-08-13,37.9,0,219,11.5,1012,38.1,21,12.3,7,1
2022-08-14,37,0,185,8.5,1009.1,45.2,25,15.4,8,1
2022-08-15,37.8,0,156,12.7,1008.7,52.1,22,17.7,9,1
2022-08-16,36.2,6.1,289,9.1,1009.1,45.9,20,16.2,11,1
2022-08-17,30.8,0.5,136,14.6,1007.5,60.8,23,19,15,1
2022-08-18,31.3,0,123,8.6,1011.9,62.8,22,18.8,16,0
2022-08-19,29.4,0,140,8,1017.2,70.2,21,19.6,18,0
2022-08-20,28.6,0,159,9.9,1017.9,68,20,18.1,16,0
2022-08-21,29.8,0,181,10.8,1015,66.8,21,18,15,0
2022-08-22,29.1,0,134,9.4,1012.7,67.5,22,17.6,12,1
2022-08-23,30,0,157,8.8,1014,70.8,22,19.7,18,0
2022-08-24,29.8,0,166,9.2,1014,70.1,21,19.3,17,1
2022-08-25,30.7,0,167,10.8,1013.7,71.6,22,19.3,16,1
2022-08-26,30,0,152,8.8,1012,74.4,23,19.9,16,0
2022-08-27,29.2,0,140,7.9,1010.8,77.2,23,21.3,20,1
2022-08-28,29.6,0,153,8.5,1012.4,78,23,21.5,20,0
2022-08-29,30.1,0,184,8.1,1014.3,77.3,24,21.7,20,0
2022-08-30,34.1,0,194,10.2,1015.3,59.2,24,20.3,16,1
2022-08-31,31.2,0,125,7.9,1016.5,,,,,0
2022-09-01,32.5,0,120,5.8,1014.7,,,,,1
2022-09-02,35.2,0,173,8.1,1012.5,,,,,0
2022-09-03,33.6,0,164,6.7,1013.4,49.7,20,16.7,3,0
2022-09-04,36,1,190,11,1014.8,62.7,23,19.6,17,0
2022-09-05,30.7,0,149,8.4,1017.5,72.3,24,21.4,19,0
2022-09-06,33.9,0,163,9.4,1017.4,64.5,22,19.4,15,0
2022-09-07,33.1,0,131,13.9,1013.9,63.6,25,21.1,13,0
2022-09-08,32.1,0,127,13.6,1013.8,59.6,24,18.8,12,1
2022-09-09,30,0.5,165,9.8,1016.3,66.7,23,18.4,13,1
2022-09-10,29.3,0,163,9,1017.4,72.9,23,19.4,14,0
2022-09-11,29.7,0,173,9.5,1015.3,73.7,23,19.8,17,0
2022-09-12,33.8,0,235,10,1011.9,56.7,22,16.8,12,1
2022-09-13,38.4,0,196,10.4,1009.7,40.7,20,14.3,11,1
2022-09-14,35.4,0,216,10.8,1010.2,85,25,24,23,1
2022-09-15,31,0,126,8.2,1012.3,70.4,23,20.8,16,1
2022-09-16,29.3,0,270,8,1012.3,62.3,19,17.4,14,0
2022-09-17,28.9,0,100,11,1011.6,70.5,22,19,16,0
2022-09-18,28.4,0,71,15,1013.1,74.2,21,20.6,20,0
2022-09-19,29.2,0,105,10.6,1012.2,77.1,23,21,19,0
2022-09-20,27.4,0,66,8.4,1015.6,68.8,21,19.2,17,0
2022-09-21,26.9,0,172,9.4,1016.1,72.3,20,17.5,16,0
2022-09-22,26,10.9,288,7,1015.4,76.6,20,17.7,14,0
2022-09-23,26.1,2,205,9.4,1017,71.9,19,16.6,14,0
2022-09-24,35,0,236,15.2,1012.7,53.8,21,13.9,8,1
2022-09-25,30.5,0,254,22.6,1010,48.5,21,14.1,11,0
2022-09-26,29.9,0,240,15.3,1010.6,70.3,20,17.6,16,0
2022-09-27,30,3,264,10.7,1012.8,58.1,19,13.4,10,0
2022-09-28,31,0,253,11.5,1011.5,50.3,16,11,7,1
2022-09-29,30.4,0,220,13.5,1006.9,53,17,11.8,7,1
2022-09-30,28,1.2,262,11,1010.1,71.3,16,14.3,8,1
2022-10-01,24,3,189,9.3,1023.6,75.2,16,14.9,14,0
2022-10-02,26.3,0,207,10.2,1025.6,75,24,16.3,14,1
2022-10-03,25.7,0,151,8,1020.1,77.1,19,17.3,15,0
2022-10-04,26,3,196,9.8,1019.3,82.3,21,18.9,16,0
2022-10-05,26.7,6.3,238,12.9,1021.7,77.3,18,16.5,15,0
2022-10-06,27.6,0.7,237,12.7,1023,67.8,17,15.7,14,0
2022-10-07,27.8,1.1,246,13.5,1020.6,64.6,16,14.6,13,0
2022-10-08,29,0,233,16.8,1016.6,63.8,19,15.5,14,0
2022-10-09,28,0.5,254,18.5,1016.2,67.5,19,16.1,13,0
2022-10-10,27,0,214,14.9,1015.9,67.8,20,16.1,14,0
2022-10-11,26.2,0,208,12.1,1016.3,71,19,15.8,5,0
2022-10-12,25,5.5,203,8,1017.3,76.5,19,17.4,16,0
2022-10-13,26,0,98,7.3,1021.1,78.8,20,18.5,17,0
2022-10-14,24.2,0,192,9.2,1021.8,78.5,19,16.9,14,0
2022-10-15,26,0,223,12.2,1017.5,71.7,18,15.4,14,1
2022-10-16,30,0,221,15.9,1017.4,62.2,20,15.3,12,1
2022-10-17,27,0,218,8.2,1021.8,71.4,21,16.9,14,0
2022-10-18,29,0,222,13,1023,65,22,16,13,0
2022-10-19,28,0,235,12.9,1019.9,60.3,20,14.3,10,0
2022-10-20,32,0,236,14,1016.5,50.4,19,11.6,8,1
2022-10-21,30,0,236,16.5,1016.9,50.7,20,13,8,1
2022-10-22,35,0,236,18,1017.9,37.9,19,10.4,8,1
2022-10-23,35,0,236,16,1019.3,35.5,17,8.1,1,1
2022-10-24,33,0,251,16.7,1020.1,32.4,15,6.3,2,1
2022-10-25,32,0,248,16,1019.6,36.7,16,6.6,3,1
2022-10-26,32.5,0,245,15.8,1019.9,40,17,7.6,4,1
2022-10-27,30,0,235,15.7,1022.9,34.3,13,5.8,4,1
2022-10-28,26,0,218,14.3,1023.3,46.2,18,8.1,3,1
2022-10-29,24,0,223,12.1,1020.5,60.6,18,10.5,5,1
2022-10-30,25,0,206,11.9,1018.9,65.3,20,11.8,5,1
2022-10-31,24,0,218,9.4,1019.7,67.8,18,12.2,7,1
2021-06-01,27.4,0.5,132,8,1011.5,76.1,20,18.7,17,0
2021-06-02,24,0,99,12.5,1014,82.5,20,18.7,17,0
2021-06-03,24,0,88,8.2,1016.5,86.5,21,19.1,17,0
2021-06-04,31,1.6,182,12.9,1019,77.2,21,18.8,13,0
2021-06-05,26,0.1,92,9.6,1017.7,80.2,21,19.3,17,0
2021-06-06,23,4.5,97,8.3,1019.9,84.7,20,18.6,18,0
2021-06-07,24,0,122,7.7,1021,81.3,19,17.7,16,0
2021-06-08,25,0,165,10,1019.7,78.4,19,16.5,14,0
2021-06-09,26,0,167,8.6,1019.8,67.4,18,15.1,10,0
2021-06-10,28,0,159,10.5,1018.6,65.7,19,14,9,0
2021-06-11,26,0,165,8.9,1016.3,66,19,15,12,0
2021-06-12,25.1,0,127,9,1017.6,72.7,20,16.3,12,0
2021-06-13,26,0,113,8.6,1018.5,76.3,21,17.2,11,0
2021-06-14,26.7,0,189,9.2,1016.6,75,21,17.9,13,0
2021-06-15,28,0,20,7.2,1014.9,61.3,19,15.6,12,0
2021-06-16,32,0,171,12.1,1010.4,66.3,21,17.4,13,1
2021-06-17,30,0,52,8.9,1011.6,70.6,20,19,18,0
2021-06-18,29,0,106,8.4,1013.6,72.3,21,17.8,11,0
2021-06-19,27,0,128,15.5,1012.8,76.8,21,20.3,18,1
2021-06-20,27.6,0,107,10.3,1013.3,71.6,21,18.3,14,0
2021-06-21,27.5,0,146,8.8,1012.3,60.6,18,14.8,11,0
2021-06-22,27,0,140,8.9,1013.2,62.2,18,14.7,10,0
2021-06-23,26,0,147,7.5,1015.5,71.2,19,16.5,13,0
2021-06-24,26.4,0.1,91,8.5,1018.1,80.2,21,19.1,17,0
2021-06-25,26,1.3,65,9.6,1017.5,79.1,21,19.9,19,0
2021-06-26,26.2,0.3,58,8.7,1014.1,83.1,22,20.6,20,0
2021-06-27,26.3,0.2,125,7.2,1013.5,79.3,21,19.9,18,0
2021-06-28,26,0,167,8.7,1013.9,81.5,22,19.8,18,0
2021-06-29,27,0,96,7.7,1014.6,79.7,22,20.6,17,0
2021-06-30,28,0,75,10.2,1015.6,79.4,22,21.3,21,0
2021-07-01,27,0,77,7.9,1015.9,79.8,22,20.6,19,1
2021-07-02,29,0,160,9,1015.7,78.8,22,20.3,18,0
2021-07-03,28,0,153,9.2,1014.8,71.5,23,19,-6,0
2021-07-04,30.8,0,150,10.5,1014,62.6,22,18.1,15,1
2021-07-05,28.2,0,144,9.3,1014,75.8,23,20.3,16,0
2021-07-06,31,0,144,10.7,1011.1,59.6,24,18.7,13,0
2021-07-07,34.2,0,188,11.4,1013.3,53.4,20,15.9,12,1
2021-07-08,28.2,0.7,64,10.8,1017.9,75.5,23,21.5,15,0
2021-07-09,27,0.9,69,13.8,1019.5,78,23,21.4,20,0
2021-07-10,28.4,0,121,8.9,1016.1,80.3,22,20.9,19,1
2021-07-11,29,0,168,9.2,1014.1,78.8,24,21.7,20,0
2021-07-12,32.6,0,138,13.6,1011,58.6,23,19.2,7,1
2021-07-13,31,3.6,65,12.2,1014,67.9,22,19.7,16,0
2021-07-14,27,0.5,67,9,1017.6,70.9,19,18.3,17,0
2021-07-15,27,0.4,84,12.2,1016.6,70.5,20,18.5,17,0
2021-07-16,27,0,68,10.2,1017.7,68.5,20,18.8,17,0
2021-07-17,27.3,0,153,9.4,1017.2,70.2,19,17.5,16,0
2021-07-18,27.2,0,133,10.2,1013.9,68.8,19,17.3,15,0
2021-07-19,28,0,154,8.9,1012.9,66,21,17.4,6,0
2021-07-20,28.1,0,144,9,1014.4,72.6,21,18.8,16,0
2021-07-21,30,0,153,8.8,1017.1,70.4,23,19.1,16,1
2021-07-22,30,0,215,10.1,1015.5,62.3,23,18,9,1
2021-07-23,32,0,175,11.2,1012,60.8,26,18.9,12,1
2021-07-24,42,0,227,13.4,1008.6,41,23,15.6,6,1
2021-07-25,32.2,0,131,6.8,1008.6,50.8,22,17.6,12,1
2021-07-26,29,0,106,10.5,1011.4,70.4,23,21,17,0
2021-07-27,29,0,56,9,1013.6,72.6,23,21.2,19,0
2021-07-28,30,0,152,11.4,1011.6,79.6,24,22.4,20,1
2021-07-29,30,0,127,7.9,1012.6,77.1,25,22.5,19,1
2021-07-30,39,0,89,10.6,1012,78.2,26,23.3,7,0
2021-07-31,39,0,157,15.7,1010.1,53.7,24,18.6,6,0
2021-08-01,30,0,80,10.3,1013,65.1,23,20,9,0
2021-08-02,29,0,73,10.1,1013,75.1,23,21.5,19,0
2021-08-03,30,0.7,48,7.1,1012.3,77.6,24,22.3,20,0
2021-08-04,29,0.3,358,6.7,1014,80.2,24,22.4,19,0
2021-08-05,29,0.1,135,8.8,1014.4,77.9,24,21.2,18,1
2021-08-06,31,0,175,12.4,1009.7,67.1,24,19.3,16,1
2021-08-07,31,0,162,11.8,1007.4,56.7,23,17.8,14,1
2021-08-08,29.2,0,106,9.9,1012.1,70.8,25,20.1,13,0
2021-08-09,29.3,0,156,9,1013.2,79.3,25,23,20,1
2021-08-10,47,0,133,13.3,1012.9,68.5,26,20.5,0,1
2021-08-11,40,0,194,12.3,1014.7,56.5,26,18.9,11,1
2021-08-12,38.6,0,189,13.2,1015.5,48.4,22,18.1,9,1
2021-08-13,32,0,170,12.5,1017.9,57.4,27,17.7,5,1
2021-08-14,31,0,162,8.5,1017.8,66,26,19.6,12,1
2021-08-15,32,0,179,10.3,1015.2,58.5,25,18.5,11,1
2021-08-16,36.2,0,206,12.4,1013.5,51.2,25,16.5,7,1
2021-08-17,28,2.9,67,11.1,1016.3,73,24,21.4,17,0
2021-08-18,28,0.5,86,11.5,1016.6,69,21,19.8,18,0
2021-08-19,28.1,0,127,9.4,1012.9,75,23,20.2,17,0
2021-08-20,30,0,135,9.6,1013.9,78.2,24,22.5,21,0
2021-08-21,30,0,115,8.2,1016,78.2,24,21.7,19,0
2021-08-22,31.3,0,215,8.9,1016.6,61.5,22,17.8,14,0
2021-08-23,31,0,58,9.9,1013.8,64.6,24,18.8,9,0
2021-08-24,29,0,61,8.4,1012.3,78.8,24,22.6,21,0
2021-08-25,29,0,93,9.7,1010.7,77.2,24,22.1,19,0
2021-08-26,29,0.4,95,8.9,1013.4,78.3,24,22,20,0
2021-08-27,29,0,165,9.9,1013.3,76.1,23,20.3,14,1
2021-08-28,33.3,0,186,14.6,1012.2,55.3,22,16.5,11,0
2021-08-29,28.6,0.1,97,8.1,1013.2,72.2,22,19.6,18,0
2021-08-30,28,0,149,8.9,1013.4,72.5,22,19.4,18,0
2021-08-31,29,0,172,10.5,1014.1,71.2,23,20.4,14,0
2021-09-01,30,0,137,12.6,1013.4,64.4,25,19.6,15,0
2021-09-02,30,0,148,10.5,1015.1,70.8,23,20.4,16,0
2021-09-03,28,0,122,6.9,1014.9,79.8,23,21.6,20,0
2021-09-04,29,0,153,9.1,1014.8,78.6,23,21.2,19,0
2021-09-05,29,0,112,8.6,1016.6,78.4,23,21.5,20,0
2021-09-06,28,0,162,9.3,1019.4,75.7,21,19.5,17,0
2021-09-07,28.5,0,185,9.4,1018.7,68.7,21,17.9,15,0
2021-09-08,37,0,179,11.5,1012.8,53.5,23,16.9,11,1
2021-09-09,28.7,0,127,8.6,1012.7,72.8,23,19.9,17,1
2021-09-10,29.5,0,174,11.6,1015.6,67.5,22,18.4,15,0
2021-09-11,29.2,0,171,9.1,1018,73.5,21,19,17,0
2021-09-12,28,0,169,10.1,1015.8,71.7,21,17.9,15,1
2021-09-13,28.5,0,198,9.1,1015.9,66.3,21,16.8,13,1
2021-09-14,31.8,0,245,9.4,1013.1,48.5,22,14.7,10,1
2021-09-15,31,0,159,7.5,1014,60.5,22,19.8,17,0
2021-09-16,30,0.2,46,8.5,1014.8,68.1,24,20.6,14,0
2021-09-17,28,7.9,43,8.3,1014.1,80.7,23,22.3,21,0
2021-09-18,28,0.1,103,7.6,1013.6,81,23,21.8,20,0
2021-09-19,27.2,0.1,114,8.8,1015.8,79.5,22,20.6,19,1
2021-09-20,27,1.9,73,10.2,1016.1,76.4,21,20.4,19,0
2021-09-21,26.2,11.2,220,10,1016.5,81,21,18.4,16,0
2021-09-22,27.8,0,193,13.4,1015.1,78.6,22,18.8,17,0
2021-09-23,32,0,274,9.9,1013.1,70,23,19,13,0
2021-09-24,36.3,0,197,10.7,1012.1,51.9,23,17.4,10,1
2021-09-25,34,0,126,9.6,1015.3,79.7,27,22.4,18,0
2021-09-26,29,0,278,9.6,1018.4,77.4,23,21.6,18,0
2021-09-27,27,2.7,61,6.9,1020.2,78.6,22,21.2,19,0
2021-09-28,26,0,188,8.5,1020.1,75.8,20,18.5,17,0
2021-09-29,26.4,0,189,8.8,1021.8,74,20,18.1,17,0
2021-09-30,26,0,110,10.5,1022.9,72.7,19,17.4,16,0
2021-10-01,26,0,121,8.7,1019.4,70.9,18,17.5,17,0
2021-10-02,26,0,85,7.1,1016.7,74.5,20,17.5,14,0
2021-10-03,28.7,0,191,10.5,1012.5,64.1,20,15.9,13,1
2021-10-04,29,0.2,292,8.9,1016.1,59.1,17,14.3,13,0
2021-10-05,25.1,0.1,179,6.8,1019.6,57.5,14,13.2,12,0
2021-10-06,25,1.4,269,9.9,1020.9,64.9,17,13,11,0
2021-10-07,24,5.4,109,7.4,1019.3,69.6,17,15.1,13,0
2021-10-08,25,0.2,268,9.9,1018.2,65.7,14,12.7,11,1
2021-10-09,25,2.1,269,12.1,1018.5,64.5,15,12.2,10,1
2021-10-10,23.1,1,234,11.6,1019.9,78,17,14.2,13,0
2021-10-11,24,0,210,11.2,1020.2,68.4,14,12.6,11,0
2021-10-12,23,0,223,8.8,1017.2,72.3,15,12.9,12,0
2021-10-13,24,4,277,10,1016.8,71,13,12.3,11,0
2021-10-14,23,6.4,285,8.1,1020.4,69.1,16,12.2,9,0
2021-10-15,22.6,0,227,12.7,1019.9,64.4,19,10.9,7,0
2021-10-16,23,0,223,11.1,1017.4,68.6,15,11.5,9,0
2021-10-17,23,0,213,9.5,1018.2,71.3,15,12.7,11,0
2021-10-18,23,0,207,10.7,1022.6,72.2,15,12.8,11,0
2021-10-19,23,0,204,9.1,1025.5,68.7,13,11.4,9,0
2021-10-20,27,0,222,16.6,1022.8,52.1,17,9.3,6,1
2021-10-21,30,0,242,18.4,1017.5,46.6,16,9,6,0
2021-10-22,24,0,196,9.3,1015.1,67.3,18,13.1,7,1
2021-10-23,23,14.1,267,9.3,1017.2,80.4,17,15.2,12,0
2021-10-24,23.1,9.1,244,10.2,1019.9,76.9,15,13.8,12,0
2021-10-25,21.5,4.8,252,11.2,1020,78.8,16,13.8,11,0
2021-10-26,22.4,0,170,12,1020.4,75.5,16,14.1,12,0
2021-10-27,22,0.4,204,8.4,1020,73.8,14,13.2,12,0
2021-10-28,22,0.1,220,8.8,1017.6,74,15,12.9,10,0
2021-10-29,23,0,208,10.9,1015.8,74.5,19,13.5,12,0
2021-10-30,26.4,0,233,13.5,1014.7,61.5,15,11.6,8,0
2021-10-31,30,0,236,11.5,1013.8,55.2,18,12.4,9,0
2020-06-01,27,0.3,338,9,1012.4,73.2,19,16.2,13,0
2020-06-02,,0,,,,79,18,15.8,11,0
2020-06-03,25,0,152,9.1,1009.8,71.5,20,15.8,13,0
2020-06-04,31.6,0,179,16.9,1005.2,60,17,13.8,10,1
2020-06-05,26,5.1,326,11.8,1011.1,72.5,18,15.7,13,0
2020-06-06,25,0,199,9,1011.9,76.8,20,15.9,13,0
2020-06-07,29,0,160,13.8,,61.2,18,15.2,13,1
2020-06-08,25,0,163,6.9,1011.7,79,18,16.3,14,0
2020-06-09,24,7.1,184,7.9,1015.7,79.8,20,15.7,13,0
2020-06-10,,0,,,,73.5,17,14.3,11,1
2020-06-11,25.5,0,172,11.5,,66.9,17,14.1,9,1
2020-06-12,26.7,0,169,10.9,,61.8,17,13.5,9,0
2020-06-13,26,3,212,10.7,1014.8,71.2,17,14.8,11,0
2020-06-14,24.6,0,,9.9,1018.9,66.8,17,12.9,9,0
2020-06-15,26,0,183,12,1020.4,65,17,13.1,10,1
2020-06-16,28.7,0,176,9.5,1017.2,61,18,13.1,10,0
2020-06-17,26,0,161,9.9,1015.7,69.8,19,15,11,0
2020-06-18,25,0,168,8.6,,75,20,16.6,13,0
2020-06-19,27,0,,,1015.9,76,20,17.6,10,0
2020-06-20,26.1,0,146,9.1,1021.1,71.6,19,16.2,13,1
2020-06-21,27.1,0,152,10.6,1020.5,69.9,20,16.1,12,1
2020-06-22,,0,,,,64.3,18,15.2,13,1
2020-06-23,26,0,134,9.7,1017.8,74.6,20,16.8,12,0
2020-06-24,28.6,0,,9.9,1014.3,74.8,22,18.2,15,0
2020-06-25,27.3,0,128,8.5,1013.4,76.2,23,19.2,14,0
2020-06-26,28.1,0,85,9.7,1012.9,79.6,22,20.7,18,0
2020-06-27,28,2,104,8.9,1015.2,77.5,22,20.1,17,0
2020-06-28,26.5,0,140,9.4,1016.5,78.3,21,18.9,16,1
2020-06-29,27,0,129,9.6,1015.7,80,22,19.5,17,0
2020-06-30,28,0,215,9.4,1012.5,78.4,23,20.1,17,1
2020-07-01,29.5,0,129,13.2,1011.2,67.4,23,19.5,12,1
2020-07-02,,0,,,,71.7,22,19.8,14,1
2020-07-03,28,0,65,9,1015.7,72,22,19.8,13,1
2020-07-04,27,0,72,9.8,1020.4,68.6,20,18.6,17,1
2020-07-05,27,0,140,9.5,1019.3,71.2,20,17.2,16,0
2020-07-06,29,0,137,11,1016,68.1,20,17,14,1
2020-07-07,,0,,,,67.6,20,17.3,14,0
2020-07-08,28,0,131,10.2,1015.9,72.3,20,18.1,16,1
2020-07-09,28.2,0,151,9.9,1014.5,74.2,22,18.8,16,1
2020-07-10,28,0,109,12.3,1012.9,72.6,23,20,10,1
2020-07-11,29.9,0,151,11.5,1012.8,72.4,23,21,16,1
2020-07-12,28,0,79,9.2,1016,78.7,23,22.1,21,1
2020-07-13,28.6,0,97,9.6,1015,78.9,22,21.4,20,0
2020-07-14,27.4,0,67,8.6,,78.5,22,21.1,20,0
2020-07-15,27.4,13,108,9.9,1015.2,78.3,22,20.4,19,0
2020-07-16,27,0,106,10.9,1016.8,75,21,19.3,18,0
2020-07-17,27,0,110,10.3,1015.5,73,20,18.8,17,0
2020-07-18,27,0,114,9.2,,72.6,19,18.5,17,0
2020-07-19,27,0,138,9.8,,72.8,20,18.3,17,0
2020-07-20,28,0,,10.3,1015.8,79,23,20,17,1
2020-07-21,30,0,180,9,1015.3,74,23,20.3,17,1
2020-07-22,29,0,,9,1014.2,69.3,23,19.6,16,1
2020-07-23,28,0,132,11.5,1013.4,76.3,23,20.5,16,1
2020-07-24,29,0,159,8.3,1013.5,76.4,22,20.6,19,0
2020-07-25,28,0,151,8.7,1013.9,80.4,24,20.8,18,1
2020-07-26,29,0,144,9.3,1012.9,73.9,24,20.9,17,1
2020-07-27,31,0,161,10.2,1013.6,68.2,24,19.9,15,1
2020-07-28,,0,,,,64.2,25,19.8,14,1
2020-07-29,,0,,,,58.4,24,18.6,12,1
2020-07-30,35,0,178,12.6,1012.4,62.5,24,19,11,1
2020-07-31,38.7,0,,12.8,1012.9,52.7,26,17.4,11,1
2020-08-01,29.1,0,160,9.4,1014.5,71.3,24,19.7,13,1
2020-08-02,30,0,109,9.6,1012.6,73.2,25,21.3,14,1
2020-08-03,,0,,,,76.2,24,20.8,3,1
2020-08-04,,0,,,,67.7,23,19.9,18,0
2020-08-05,28,0,145,10.2,1013.6,65.6,19,17,14,0
2020-08-06,28,0,148,9.9,1015.4,67.1,20,17.5,15,1
2020-08-07,28,0,175,10.1,1017.2,69.6,21,17.9,16,1
2020-08-08,28,0,168,9.3,1018.1,70.1,22,18.3,15,1
2020-08-09,28.5,0,178,9.5,1015.4,68.9,22,18.3,15,1
2020-08-10,29,0,189,9,1012.6,66.2,23,18.1,14,1
2020-08-11,,0,,,,65,23,18.4,13,1
2020-08-12,,0,,,,60.4,24,18.6,6,1
2020-08-13,32,0,139,15.2,1012.8,71,25,22,14,1
2020-08-14,29,0.5,109,14.3,1012.8,80.7,25,23,18,1
2020-08-15,29,0,148,13.4,,73.7,25,22.3,18,0
2020-08-16,29,0.3,140,8.2,,76.2,25,21.7,12,0
2020-08-17,,0,,,,63.4,23,17.9,10,0
2020-08-18,29,0,148,9.5,1012.8,64.7,24,17.7,12,1
2020-08-19,29,0,,8.2,1010.3,70,24,19.3,14,1
2020-08-20,32,0,196,12.6,1007.6,62.5,25,19.9,13,1
2020-08-21,31,0,156,12.9,1012.1,77.8,26,22.8,17,1
2020-08-22,,0,,,,80.5,25,23.1,20,1
2020-08-23,30,0,93,10,,78.7,24,22.7,21,0
2020-08-24,29,0,,12.1,1015.5,72.2,23,21.5,20,0
2020-08-25,29.4,,,,,72.9,23,20.1,17,1
2020-08-26,29,0,177,10.2,,67.8,23,18.6,14,1
2020-08-27,29,0,169,9.9,1015.5,72,23,18.9,15,1
2020-08-28,32.6,0,191,10.7,1007.2,57.9,22,17.4,12,1
2020-08-29,38,0,225,12.5,1003.1,48.4,21,15.9,10,1
2020-08-30,,0,,,,63.2,22,18.4,15,0
2020-08-31,26,5.1,,9.8,1015.9,74.9,22,18.5,16,0
2020-09-01,27.4,0,199,11.4,1012.5,70.8,20,16.7,15,0
2020-09-02,27,0,252,9.8,1013.4,73.9,20,18.7,18,0
2020-09-03,,0.5,,,,73.4,19,17.2,15,0
2020-09-04,,0,,,,68.8,18,17,15,1
2020-09-05,27.3,0,138,10.6,1016.9,75.1,22,18.8,15,1
2020-09-06,27,0,119,7.6,1015,75.6,21,19.4,18,0
2020-09-07,,0,,,,76.4,21,19.2,17,0
2020-09-08,26,17,280,7.4,1018.5,80.5,20,18.6,18,0
2020-09-09,27,0,245,9.7,,82.7,22,19.2,16,0
2020-09-10,25.2,22.1,,8.4,,83.5,20,19.1,18,0
2020-09-11,27.7,8.9,263,8.2,,71.6,18,16.9,16,0
2020-09-12,26.4,0.3,238,9.3,1016.4,75.8,20,17.9,16,0
2020-09-13,28,5.1,211,9,1020.4,77.9,21,19.1,17,0
2020-09-14,27,0,180,9.8,1021.3,81.3,21,19.8,18,0
2020-09-15,26.4,0,190,10.3,1019.3,80.1,22,19.6,18,0
2020-09-16,,0,,,,78.5,23,18.9,15,0
2020-09-17,27.4,0,191,8.8,1015.7,71.4,21,17.3,15,1
2020-09-18,29,0,,12.2,1015.7,71.4,23,18.6,13,1
2020-09-19,33,2,230,15.2,1016.5,65,22,18.8,13,0
2020-09-20,27.1,1,172,8.6,1017.1,70.5,21,16.8,14,0
2020-09-21,26.6,0,192,8.1,1016.4,76.3,21,17.8,15,0
2020-09-22,28,0,188,9.8,1014.7,72.5,20,16.7,14,1
2020-09-23,27,0,215,10.9,1014,65.5,19,16.1,14,0
2020-09-24,,0,,,,55.8,19,14.6,12,1
2020-09-25,31,0,276,12.2,1013.7,54.6,18,14.8,12,1
2020-09-26,24,0.5,260,10.5,1014.6,62.8,15,12,10,0
2020-09-27,24.4,0,246,12.3,1011.2,71.4,16,12.1,8,0
2020-09-28,24.1,7.1,217,12.4,1016.2,70.9,14,12.8,12,1
2020-09-29,25,0,220,9.7,1016.9,72.1,18,14.3,12,0
2020-09-30,26,0,131,10.9,1013.8,78.2,21,17.3,13,0
2020-10-01,,0,,,,81.4,20,18,16,0
2020-10-02,33,0,223,14.4,1002.2,59.6,18,13.6,5,0
2020-10-03,26,0,299,10.2,1007.1,61.8,16,11.3,5,1
2020-10-04,23,0,227,11,1011.9,55.3,11,8.1,6,1
2020-10-05,24,0,262,10.4,1015.2,65.4,16,12.2,9,0
2020-10-06,,0,,,,66.8,14,13,12,1
2020-10-07,24.2,0,210,11.1,1021.3,58,13,10.5,8,0
2020-10-08,24,0,139,10.9,1023,65.5,18,13.4,9,1
2020-10-09,24,0,195,9.1,1021.1,77.7,18,16,13,1
2020-10-10,24,0,77,8.4,1020.1,80.5,18,17,15,0
2020-10-11,,0,,,,84.9,18,16.2,15,0
2020-10-12,20,81,256,10.8,,75.6,13,10.9,6,0
2020-10-13,24,0.3,243,13.3,1016.3,62.8,11,8.6,6,0
2020-10-14,27.1,0,243,13.7,1009.6,60.1,15,10,2,0
2020-10-15,22,0.5,224,8.6,1014,73.4,14,11.7,9,0
2020-10-16,,0.5,,,,66.3,10,8.7,5,0
2020-10-17,23,0,227,13.3,1017.8,63,11,8.5,7,0
2020-10-18,22.3,0,217,11.8,1020.4,67.8,14,9.8,6,0
2020-10-19,22,0,220,11.4,,72.8,14,11.3,10,0
2020-10-20,28,0,247,16.4,1017.4,55.3,16,10,6,1
2020-10-21,29.9,0,249,18.2,1015.7,40.7,17,7.8,5,1
2020-10-22,29,0,252,18,,42.5,17,9.2,4,1
2020-10-23,24.1,0,146,10.5,1020.7,64.3,18,14.5,8,0
2020-10-24,22.8,1,192,7.1,1023.9,79.5,17,15.4,12,0
2020-10-25,,0,,,,71.8,14,12,10,0
2020-10-26,27,0,,12,1014.6,67,15,10,5,0
2020-10-27,23.3,5.1,252,11.9,1018.6,62.7,10,8.2,7,0
2020-10-28,22,0,219,11.4,,67.2,13,8.9,3,0
2020-10-29,22.6,0,221,11.2,1025.5,82,11,11,11,0
2020-10-30,21,0,218,10.4,1025.7,79.3,15,11.8,9,0
2020-10-31,21,0,206,11.2,1023.9,77.5,16,11.8,9,1
2019-06-01,23,0,161,12,1021.3,82.2,18,14.9,11,0
2019-06-02,24,0,123,12.1,,78.4,18,15.3,12,0
2019-06-03,24.1,0,168,15.6,1016.4,81.8,20,16.5,13,0
2019-06-04,26.1,0,177,13.7,,80.2,21,17,13,0
2019-06-05,,0,,,,78.9,22,17.6,13,0
2019-06-06,25,0,,10,,79.8,19,17.3,13,0
2019-06-07,33,0,,20.3,1013.3,63.9,20,16.5,12,0
2019-06-08,25.1,0,105,13.3,1018.1,79.8,22,18,11,0
2019-06-09,24.6,0,143,19.6,1014.2,83.1,21,19.4,16,0
2019-06-10,26,0,113,10.5,,78.9,19,18.1,16,0
2019-06-11,25,0,154,10.9,,83.9,20,17.9,15,0
2019-06-12,25,0,97,12.4,,87.4,20,18.3,15,0
2019-06-13,29,0,116,10.1,1007.8,83,23,20.5,18,0
2019-06-14,29,0,122,20.2,,79.1,22,20.3,17,0
2019-06-15,27,0,,11.1,,79.8,21,18.6,0,0
2019-06-16,25,0,,9.6,1017.1,87.5,22,19.7,16,0
2019-06-17,26,0.5,72,11.9,1015.9,88.3,22,20.3,19,0
2019-06-18,26,0.3,119,10,1014.9,86.4,22,19.5,17,0
2019-06-19,,0,,,,86.8,22,20.5,18,0
2019-06-20,27,3,110,13.3,,86.6,23,21.5,16,0
2019-06-21,,0,,,,75.5,23,19.4,16,0
2019-06-22,27,0,107,10.4,1014.6,84.4,24,20,16,0
2019-06-23,27,0,,10.1,,88,24,22.3,20,0
2019-06-24,27,0,143,17.6,1012.1,84.8,23,21.6,19,1
2019-06-25,27,0,109,10.7,1015,88.5,23,21.1,17,0
2019-06-26,35.8,0,,14.8,,77.3,24,21.1,18,1
2019-06-27,31,0,,8.9,,77.4,24,20.9,17,1
2019-06-28,31,0,157,11.1,1015,73.3,24,20.1,17,0
2019-06-29,30,0,122,11.7,1013.2,76.2,24,21.1,17,1
2019-06-30,,0,,,,71.3,24,20.9,16,0
2019-07-01,29,0,,13.5,,79.1,23,20.3,15,1
2019-07-02,28.6,0,138,11.3,,81,23,20.8,16,0
2019-07-03,28.5,0,105,10.3,1012.9,83.9,24,22.4,20,0
2019-07-04,30,0,141,12.9,1013.1,87.4,25,23.6,21,0
2019-07-05,,0,,,,83.8,25,23.6,19,0
2019-07-06,31.9,0,86,12.7,1014.4,76.5,25,23.6,19,1
2019-07-07,40.7,0,197,13.1,1013.4,47,23,19.7,16,0
2019-07-08,36.8,0,216,14.5,1011.7,46.6,24,19.1,15,0
2019-07-09,30,0,99,12.7,1012.3,61.3,22,18.7,17,1
2019-07-10,28.2,0,103,12.2,1014,75.3,23,20,16,0
2019-07-11,28,0,75,10.4,1013.9,77.4,23,20.8,19,0
2019-07-12,29.3,0,156,12.6,1014.6,74.8,24,20.2,17,1
2019-07-13,31,0,89,14.7,1012.6,65,23,19.1,13,1
2019-07-14,29,0,84,11.1,1010.7,76.8,24,21.5,19,1
2019-07-15,29,0,124,11.8,,75.1,23,20.5,18,0
2019-07-16,30,0,147,10.1,1015,66.6,22,18.6,15,0
2019-07-17,29,0,141,12.7,,66.1,21,17.5,14,1
2019-07-18,28.1,0,95,11.2,,69.9,22,19.3,14,0
2019-07-19,29.9,0,140,11.2,1014.6,74.6,22,20.1,18,0
2019-07-20,30,0,,11.7,,76.6,24,21.6,17,1
2019-07-21,29.1,0,,9.4,1016.6,80,25,22.5,18,1
2019-07-22,30,0,,9.3,1018.4,81.5,25,21.8,18,1
2019-07-23,30.4,0,29,11,1015.7,71.9,24,20.6,18,1
2019-07-24,,0,,,,71.5,23,20.3,14,1
2019-07-25,29.1,0,142,13.4,1012.2,77.7,25,21.1,17,1
2019-07-26,,0,,,,74.7,25,20.9,16,1
2019-07-27,29.7,0,160,14.2,,69.2,22,19.6,17,1
2019-07-28,30.3,0,148,12,1009.2,70.5,23,19.3,16,1
2019-07-29,29,0,123,10.5,,74,23,19.9,16,1
2019-07-30,30,0,,11.5,,71.2,24,19.7,16,1
2019-07-31,29.1,0,,9.4,,77.8,24,22.1,19,0
2019-08-01,42,0.3,170,19.5,,59.2,24,20.3,13,1
2019-08-02,37,0,106,14.8,1012,59.8,24,20.2,10,1
2019-08-03,30,0,,9.4,1012.9,78.8,25,22.8,21,1
2019-08-04,33,1,201,12.5,,70,24,22.3,20,0
2019-08-05,31.4,0,,12.9,,78.2,27,23.2,0,0
2019-08-06,33,0,121,15.2,1011.7,73,28,24,19,1
2019-08-07,43,0,201,15.2,1010.1,50.9,24,19.9,13,1
2019-08-08,31.9,0,,9.4,,70.7,25,22.4,18,1
2019-08-09,30.8,0,,11.5,1013.8,69.2,26,20.7,12,1
2019-08-10,32.3,0,158,10.9,1014.9,53.7,24,17.4,11,1
2019-08-11,32,0,159,11.6,1012.8,62.8,26,19.5,11,1
2019-08-12,32,0,135,10.2,1012.9,60.6,22,19.9,16,1
2019-08-13,30,3,31,14.1,,76.1,26,21.4,16,0
2019-08-14,29,0,68,14.1,1018.1,66.5,21,19.7,18,0
2019-08-15,29,0,150,13.1,1018.2,69.5,20,18.1,16,1
2019-08-16,30,0,162,13.2,1016.9,73,23,19.6,17,1
2019-08-17,30.1,0,172,12.4,1014.7,76.3,25,21.1,17,1
2019-08-18,33.4,0,,11.4,1011.2,70,25,20.6,15,1
2019-08-19,31,0,113,9.9,1013.2,70,23,20.9,15,1
2019-08-20,30,0,148,10.9,1014,77,24,22.4,20,1
2019-08-21,30,0,75,12.7,,79.5,24,22.5,21,1
2019-08-22,28.3,1,327,10.9,,81.4,24,22.8,20,0
2019-08-23,29,0.3,116,10,1017.2,75.7,21,20.5,19,0
2019-08-24,29,0,122,9.5,1016.2,75.8,23,21.6,20,0
2019-08-25,29,0,,10.8,1015.3,78,24,22.6,21,0
2019-08-26,30,0,76,9.1,,81.3,25,23.4,21,0
2019-08-27,31,0,,8.8,1013.1,67.1,24,21,16,0
2019-08-28,,0.3,,,,64.2,21,18.8,16,0
2019-08-29,30,0.3,235,11.3,1017.9,71.8,21,19.3,17,0
2019-08-30,29.3,0,138,10.3,1018.3,75,22,20.2,18,0
2019-08-31,29,0,150,10.1,1014.9,75.3,23,20.5,12,0
2019-09-01,30,0,228,11.3,,74.6,22,19.7,19,0
2019-09-02,30.3,0,206,12.3,1016.6,71.6,23,19.8,18,1
2019-09-03,29,0,85,11.9,,72.2,21,19.7,19,0
2019-09-04,28,0,126,11.6,1017.3,70.8,20,18.4,18,0
2019-09-05,28.8,0,,12.1,,69.7,21,18.1,16,1
2019-09-06,28,1,119,13.8,1017.7,67.9,21,17.2,13,0
2019-09-07,27.2,0,78,14.3,1018,63.9,20,17.1,0,1
2019-09-08,26,0,,10.4,1016.3,79.5,21,19.3,18,0
2019-09-09,29.5,1,191,10.4,1015.7,79.8,23,19.6,18,0
2019-09-10,28,0,201,12.6,1010.7,76,21,18.5,17,0
2019-09-11,23,5.1,,9.7,,79.2,18,16,13,0
2019-09-12,27,22.1,210,10.8,1019.9,84.4,22,19.1,12,0
2019-09-13,29,0,200,10.5,1019.6,87.3,26,23.1,20,0
2019-09-14,30,0,177,10.8,,80.2,25,22.8,20,1
2019-09-15,34,11.9,206,14.6,,74.8,23,20,18,0
2019-09-16,29,0,132,14.6,1016.3,71.1,24,21.2,17,0
2019-09-17,27.6,0.8,,8.1,,84.7,23,21.7,19,0
2019-09-18,,16,,,,70.8,22,19.6,18,0
2019-09-19,27.3,0.3,,7.5,1015.3,79.3,22,20.8,19,0
2019-09-20,28,0,206,11.4,1015.6,79.5,23,21.1,16,0
2019-09-21,31,0,,14.1,1012.5,55.3,22,17.6,15,0
2019-09-22,27.2,0,140,7,1014,81,23,21.3,18,0
2019-09-23,28,0,177,7.5,1018,76.5,21,19.4,18,0
2019-09-24,26,0,,10.6,,82.3,21,19.3,18,0
2019-09-25,,0,,,,72.1,20,17.4,11,0
2019-09-26,26.2,0,194,10.9,1018.2,79.8,22,18.5,16,1
2019-09-27,26.3,0,192,9.9,1018,79.9,21,18.5,15,1
2019-09-28,26,0,195,11,,79.6,21,17.9,15,1
2019-09-29,,0,,,,78.4,21,18.4,13,0
2019-09-30,26,0,214,12.1,,72.4,22,15.8,12,1
2019-10-01,30,0,214,12.9,1012.4,62.9,21,14.2,10,1
2019-10-02,,0,,,,73.1,20,15.6,12,1
2019-10-03,25.2,22.1,,10,1016,81.1,19,16.8,15,0
2019-10-04,27,0.3,227,11.8,,75.8,18,15.7,13,0
2019-10-05,26,0,201,12.7,1015.6,71.4,18,14.8,11,0
2019-10-06,25,0,203,13.9,1016.8,69,19,13.9,10,0
2019-10-07,22,0,268,13.2,,78.8,19,14.9,11,0
2019-10-08,25,3,276,10.1,,72.8,17,15.5,12,0
2019-10-09,24,0,205,13.4,1017.1,74.3,16,14.1,11,0
2019-10-10,24.5,0,207,12.8,1019.4,74.8,18,14.5,11,0
2019-10-11,25,0,212,12.7,1020.6,79.1,19,16.1,14,1
2019-10-12,31.3,0,240,14.5,,68.6,21,15.3,11,1
2019-10-13,31,0,227,18,1016.9,56,21,14.3,12,1
2019-10-14,32.8,0,246,17.5,1014.5,56.4,20,15,12,0
2019-10-15,28.1,1,253,13.1,1017.9,70.8,19,16.1,10,0
2019-10-16,24,0,239,12.3,,78.5,17,15.2,14,0
2019-10-17,25,0,193,14.4,1018,73.4,19,15.4,14,0
2019-10-18,24.4,0,191,11.9,1017.6,79.4,19,15.9,14,0
2019-10-19,27,0,203,14,1012.5,73.3,21,16.2,14,0
2019-10-20,32,0,271,15.9,,44.8,18,13.2,10,0
2019-10-21,24.1,0,78,10.5,1015.9,83.7,21,19.5,16,0
2019-10-22,28,0,230,12.4,1007.4,73.8,20,17.9,17,1
2019-10-23,21,23.1,226,8.5,,70.1,16,13.5,11,0
2019-10-24,23.9,0,,16.3,,57.1,11,9,7,0
2019-10-25,22,10.9,250,12.7,1019.6,79.2,16,13.5,10,0
2019-10-26,21,9.9,223,13.5,1018.6,87.9,16,15.1,14,0
2019-10-27,23,8.9,,13.4,1019.5,83.1,16,14,13,0
2019-10-28,23.3,0.5,238,10.2,,81.7,16,14.3,13,0
2019-10-29,,0,,,,83.4,17,14.7,13,0
2019-10-30,22.2,0,208,11.7,1020.8,80.2,16,14.1,13,0
2019-10-31,24,0,229,11.1,,76.3,16,14.1,12,0
2018-06-01,24,2,,,1018.4,85.4,19,17.1,14,0
2018-06-02,,5.1,,,,87.7,20,18.8,17,0
2018-06-03,,7.1,,,,84.4,20,17.6,10,0
2018-06-04,,3,,,,73.9,18,15.3,14,0
2018-06-05,26,0,153,12,1013.4,74.5,19,15.5,12,0
2018-06-06,24,3,170,10.3,1014.5,84.1,19,17.4,16,0
2018-06-07,,1,,,,77.3,17,15.8,14,0
2018-06-08,26,0,177,12,1016.4,72.3,17,14.8,13,0
2018-06-09,29.2,0,178,15.3,1012.6,66.4,20,16.5,12,0
2018-06-10,,0,,,,73.4,20,17.3,14,0
2018-06-11,26,0,153,11.8,1012.7,77.6,18,16.7,15,0
2018-06-12,,0,,,,75.1,18,16.3,15,0
2018-06-13,25.6,0,159,11.4,1014,73.7,19,16.8,14,0
2018-06-14,,0,,,,77,19,16.9,15,0
2018-06-15,,0,,,,72.5,18,16.1,13,0
2018-06-16,25.7,0,141,13.9,1015.7,71.7,18,15.7,13,0
2018-06-17,,0,,,,76.7,19,17,14,0
2018-06-18,25,0,138,11.5,1019.7,76.7,19,17,15,0
2018-06-19,,0,,,,73.7,19,16.6,13,0
2018-06-20,,0,,,,82.3,21,18.7,16,0
2018-06-21,,0,,,,81.9,22,19.8,17,0
2018-06-22,27,0,108,10.5,,81.6,22,20.1,17,0
2018-06-23,27.2,0,237,10.4,1016.8,74.8,21,18.6,12,0
2018-06-24,,0,,,,71.1,21,17.6,14,0
2018-06-25,,0,,,,80.6,21,20,18,0
2018-06-26,27,0,184,12.6,1016.8,75,21,18,15,0
2018-06-27,,0,,,,71,19,16.6,14,0
2018-06-28,,0,,,,67.4,21,17.1,14,0
2018-06-29,29.2,0,,,1007.6,73.9,23,19.5,15,0
2018-06-30,,0,,,,84.7,23,22.2,20,0
2018-07-01,,0,,,,81.6,23,22,20,0
2018-07-02,29.9,0,,,,71.8,22,19.4,18,1
2018-07-03,,0,,,,70.5,22,18.6,16,0
2018-07-04,28.5,0,,,,82,25,22.6,19,0
2018-07-05,32.9,0,,,,72.3,23,20.5,15,0
2018-07-06,,0,,,,80.6,24,20.6,16,0
2018-07-07,29,0,292,10.8,1017.3,78,23,21.6,20,1
2018-07-08,,0,,,,77.7,23,21.8,21,0
2018-07-09,28,0,,,1017.1,84.5,24,22,20,0
2018-07-10,,0,,,,77,24,20,17,0
2018-07-11,29.6,0,,,1013.7,75.9,24,21,16,0
2018-07-12,,0,,,,71.6,25,20.6,14,0
2018-07-13,30,0,84,12.4,1012.3,78.7,26,23.3,17,0
2018-07-14,30,0,87,10.5,1016.5,84.3,25,23.8,22,0
2018-07-15,,0,,,,84.1,25,23,20,0
2018-07-16,,0,,,,67.4,24,20.6,18,0
2018-07-17,29,0,135,11,1017.1,76.4,23,20,16,0
2018-07-18,30,0,255,12.7,1012.6,81.4,26,22.8,20,0
2018-07-19,30,0,,8.3,1014.4,86.3,25,23.8,22,1
2018-07-20,,0,,,,85.9,27,24.9,21,0
2018-07-21,,0.3,,,,70.7,24,22.3,20,0
2018-07-22,30,0,137,9,1012.3,78.4,24,22.4,20,0
2018-07-23,,0,,,,79.9,24,22.9,21,0
2018-07-24,30,0,158,11.5,1014,73.9,22,20,17,0
2018-07-25,31,0,152,13,1012.9,66.9,23,18.9,14,0
2018-07-26,31,0,144,11.4,1012.1,78,24,21,17,0
2018-07-27,31,0,154,11.6,1011.9,79.2,24,21.6,19,0
2018-07-28,,0,,,,80.9,25,22.2,19,0
2018-07-29,,0,,,,72.3,25,20,13,1
2018-07-30,,0,,,,61.4,23,16.9,12,0
2018-07-31,30,0,149,12.7,1014.8,73.6,24,19.9,16,0
2018-08-01,,0,,,,78,25,20.9,16,1
2018-08-02,,0,,,,82.4,26,22.6,19,0
2018-08-03,31,0,153,11.6,1015,81.9,26,23,20,0
2018-08-04,,0,,,,74.2,25,21.9,20,0
2018-08-05,,5.1,,,,79.2,24,22.5,20,0
2018-08-06,,0,,,,80.3,24,22.5,21,0
2018-08-07,31,0,144,11.6,1012.7,78,25,22.7,21,0
2018-08-08,,0,,,,78.1,25,22.6,20,0
2018-08-09,31,0,,,1013.3,73.8,25,22.1,19,0
2018-08-10,,0.5,,,,81.3,26,23.2,19,0
2018-08-11,30.2,0,137,8.8,1019.1,84.5,26,23.8,22,0
2018-08-12,,0,,,,80.5,25,23.2,21,0
2018-08-13,32,0,161,11.3,1012.8,72.2,25,21.7,18,0
2018-08-14,32,0,,,1014.1,67.6,24,20.3,13,0
2018-08-15,,0,,,,80.9,24,22,17,0
2018-08-16,,8.9,,,,74.6,22,20.2,19,0
2018-08-17,,0,,,,78.5,23,21.1,20,0
2018-08-18,,0,,,,72.5,22,20.3,18,0
2018-08-19,30,0,229,9.5,1017.8,70.8,21,19.3,18,0
2018-08-20,30.2,0,257,13.4,1016.1,69.8,22,19.2,17,0
2018-08-21,,0,,,,75,22,20.6,18,1
2018-08-22,,0,,,,76.9,23,21,17,0
2018-08-23,,0,,,,74.6,23,21,19,0
2018-08-24,,0,,,,73.6,23,20.5,18,0
2018-08-25,,0,,,,74.3,23,19.6,15,0
2018-08-26,,0,,,,70.1,24,20.2,15,0
2018-08-27,30,0,,,1015.5,76.4,23,21.2,19,0
2018-08-28,,0,,,,72.5,22,19.3,17,0
2018-08-29,30,0,104,10.6,1015.2,75.2,23,20.6,16,0
2018-08-30,,0,,,,76.9,24,21.7,20,1
2018-08-31,,0,,,,77.4,24,21.9,20,0
2018-09-01,,0,,,,80.3,25,22.7,21,0
2018-09-02,,0,,,,82,24,22.7,21,0
2018-09-03,,0,,,,79.2,25,22.3,19,0
2018-09-04,,0,,,,63.5,24,20.5,15,0
2018-09-05,30,0.5,98,17.9,1012.8,70.8,24,22,16,0
2018-09-06,30,0,,,1012.6,85.2,24,23.1,22,1
2018-09-07,,0.5,,,,78.7,23,21.2,20,0
2018-09-08,28.3,0,197,10.3,1015.8,79.9,24,21.7,18,0
2018-09-09,,0,,,,76.3,25,22.1,19,0
2018-09-10,,0.3,,,,76.6,25,22.2,19,0
2018-09-11,,0,,,,85.4,25,22.4,20,0
2018-09-12,,0,,,,67.9,24,20.8,18,0
2018-09-13,,4.1,,,,78.4,22,20.6,19,0
2018-09-14,,1,,,,81.4,23,21.3,20,0
2018-09-15,28.1,0.8,,,1018,82.8,24,22.2,21,0
2018-09-16,34.3,4.1,,,,,,,,0
2018-09-17,,,,,,59,21,19.8,18,0
2018-09-18,33.7,,,,,76.6,22,19.7,17,0
2018-09-19,,,,,,78.8,24,21.1,18,0
2018-09-20,28,14,,,1018.1,84.4,23,21.4,19,0
2018-09-21,,7.1,,,,79.7,22,20,19,0
2018-09-22,29,0,188,13,1021.5,79.5,21,19.6,18,0
2018-09-23,28.1,0,181,10.9,1021.7,78.8,21,19.4,18,1
2018-09-24,28.5,0,,,,74.9,22,18.8,15,1
2018-09-25,,0,,,,78.1,22,20.1,19,0
2018-09-26,,0,,,,75.5,21,19.2,18,0
2018-09-27,26.9,0,,,,70.4,19,17.5,16,0
2018-09-28,,0,,,,73.3,19,16.5,15,1
2018-09-29,,0,,,,75.5,18,15.5,13,0
2018-09-30,26.8,0,188,13,1016.4,72.6,19,15.3,11,1
2018-10-01,,0,,,,76.7,20,17.3,13,0
2018-10-02,22.4,23.9,278,12.9,1017.6,72.9,19,14.4,11,0
2018-10-03,24.2,1,,,,72.2,17,15.2,12,0
2018-10-04,,18,,,,82.8,17,16.8,16,0
2018-10-05,23,3,207,10.7,1017.2,85.3,19,17,16,0
2018-10-06,26,3,202,11,1016.5,83.1,20,17.5,16,0
2018-10-07,29.6,0,206,16.1,1014.2,73,19,16.3,14,0
2018-10-08,,0,,,,80.1,20,16.4,14,0
2018-10-09,25.8,5.1,,,1012.3,77.5,20,17.2,15,0
2018-10-10,,0,,,,69.7,19,16.5,14,0
2018-10-11,30.7,0,,,,62.4,21,17.2,14,0
2018-10-12,28.4,0,196,12.6,1021.3,80,21,18.1,15,0
2018-10-13,25.5,0,,,,84.3,21,18.2,16,0
2018-10-14,29.2,0,,,,74.9,20,16.3,13,0
2018-10-15,,1,,,,82.8,19,17.5,16,0
2018-10-16,,1,,,,83.8,19,16.9,15,0
2018-10-17,22.4,0,,,,89,18,17.1,16,0
2018-10-18,,7.1,,,,91,19,17.1,15,0
2018-10-19,26,26.9,200,10.6,1012.6,83.5,19,17.7,17,0
2018-10-20,25.5,0,,,,85.9,21,18.3,16,0
2018-10-21,26.3,0,197,12.2,1018,83.8,20,17.7,16,0
2018-10-22,25.6,0,,,,78.1,19,17,15,0
2018-10-23,24,5.1,249,10.9,1022.3,74.9,16,14.5,13,0
2018-10-24,,0,,,,74.8,14,12.6,8,0
2018-10-25,24,0,205,13.1,1019.8,74.3,15,12.5,10,1
2018-10-26,28.2,0,225,16.7,1015,61.6,17,11.5,7,0
2018-10-27,28,0,237,23.2,1005.9,35.2,12,7.4,5,0
2018-10-28,,0,,,,75.3,15,13,8,0
2018-10-29,,25.9,,,,60.1,13,6.1,1,1
2018-10-30,,1,,,,57.9,10,7.1,5,0
2018-10-31,,0,,,,54.2,12,7.1,4,0
2017-06-01,24.4,0,121,9.2,,85.6,21,19.1,16,0
2017-06-02,27,4.1,90,10.8,1016.6,78.3,22,19.1,16,0
2017-06-03,26.5,0,205,10.5,,77,21,18.3,16,0
2017-06-04,26,0,216,12,1013.5,80.9,22,19.9,18,0
2017-06-05,24,4.1,,10.7,,82.6,20,18,14,0
2017-06-06,25,0,,10.8,,74.7,20,17.1,14,0
2017-06-07,24.3,0,100,10.4,,82,20,17.5,14,0
2017-06-08,24.3,0,135,10.1,,83.5,20,18.3,16,0
2017-06-09,26,0,96,11.3,,83.3,21,19.6,16,0
2017-06-10,26,0,76,8.9,1016.4,85.5,21,20.4,20,0
2017-06-11,26.2,0,126,10.1,,80.8,21,19,17,0
2017-06-12,27,0,,8.9,1014.2,80.6,22,19,16,1
2017-06-13,31,0,232,11.6,,66.5,23,18,14,0
2017-06-14,34.6,0,172,17.6,,71.1,24,19.8,15,0
2017-06-15,27.4,0,138,11.3,,81.8,23,19.9,16,1
2017-06-16,28,0,136,9.6,1017.1,76.7,23,19.4,14,1
2017-06-17,28,0,,9.8,1016.2,76.6,24,20.1,15,0
2017-06-18,29.1,0,,10.2,1013.9,72.4,23,19.2,16,0
2017-06-19,28.2,0,102,10.3,,78.7,24,21.3,19,1
2017-06-20,30,0,106,12.8,,78.7,24,21.4,17,0
2017-06-21,28.1,0,121,10.4,1015.2,83,24,22,19,0
2017-06-22,27.3,0,74,11,,81.5,23,21.9,21,0
2017-06-23,28,0,,10.1,,83.4,23,21.9,20,0
2017-06-24,,0,,,,82.6,25,22.2,19,0
2017-06-25,29.5,0,89,12.7,,76.3,25,20.6,16,0
2017-06-26,,0,,,,63.9,24,20.4,13,1
2017-06-27,32,0,,8.7,,78.8,26,23.6,21,1
2017-06-28,31,2,,14.6,,66.5,22,20.3,16,1
2017-06-29,29.4,0,,16.3,,72.3,22,19.3,15,0
2017-06-30,27,0,137,9,,75.3,22,19,16,0
2017-07-01,27,0,98,11.5,,72.5,19,17.3,16,0
2017-07-02,27,0,152,11.6,1021.5,71.1,19,17,15,0
2017-07-03,,0,,,,76.5,21,18.4,16,0
2017-07-04,28,0,122,11,1017.7,80.6,23,20.5,18,0
2017-07-05,35.9,0,192,15.5,1014.1,60.5,24,19.2,15,1
2017-07-06,32,0,,14.1,,58.7,26,18.7,11,1
2017-07-07,35,0,,10,,60.7,25,18.4,12,1
2017-07-08,29.6,0,,14.8,1014.6,63.4,24,18.1,10,1
2017-07-09,30,0,125,11.5,,63,21,17.9,15,1
2017-07-10,30,0,,9,1012.8,72.8,24,20.3,15,0
2017-07-11,,0,,,,71.9,27,22.4,15,1
2017-07-12,32,0,105,11.8,,73,25,22,13,1
2017-07-13,30.6,0,,10.2,,80.6,25,22.9,18,1
2017-07-14,30,0,,10.1,,79.3,24,22.5,19,0
2017-07-15,29.1,0,,9.5,,77.9,24,21.9,20,0
2017-07-16,30,0,142,11.3,1018.3,67.9,23,19,16,0
2017-07-17,29.2,0,139,13.3,1017,71.3,22,19.5,16,1
2017-07-18,30,0,,10.2,1015.3,78.5,24,21.7,19,0
2017-07-19,30,0,230,12.2,,71.2,26,22.1,17,1
2017-07-20,30,0,100,15,1010.9,72.8,24,22.1,17,1
2017-07-21,29.2,0,117,11.1,,79.3,24,22,17,0
2017-07-22,,0,,,,81.5,26,24.3,21,0
2017-07-23,32,0,,9.2,,84.8,27,25.5,23,0
2017-07-24,30,3,46,10,1014.9,85.4,26,24.8,23,0
2017-07-25,30,0,87,12.2,,80.9,25,22.5,21,0
2017-07-26,29,0,,11.1,,71.6,22,20.6,19,0
2017-07-27,,0,,,,76.9,23,20.6,18,0
2017-07-28,31,0,184,13.1,1014.5,68.6,24,20,15,1
2017-07-29,34,0,,14.7,,59.9,25,19.5,14,1
2017-07-30,30.1,0,,9.9,,76.8,25,22.5,18,1
2017-07-31,40,0,189,12,,54.8,26,20.1,14,1
2017-08-01,40,0,,8.4,1012.3,51.3,28,21.9,15,1
2017-08-02,39,0,,7.9,,56.4,26,21.7,17,1
2017-08-03,42,0,,11.2,1014.5,54,26,20.1,13,1
2017-08-04,32,0,,8.8,,71,26,22.5,16,1
2017-08-05,31,0,,5.8,,77.7,26,23.5,20,1
2017-08-06,31.2,0,,6.6,,81.8,26,24.6,22,1
2017-08-07,32,0,,7.1,1014,81.6,26,25.3,24,1
2017-08-08,,0,,,,55.5,25,20.8,12,1
2017-08-09,32,0,,6.2,1012.5,76.9,27,24.3,19,1
2017-08-10,29,0,,13.6,,76.6,26,22.7,21,0
2017-08-11,29,0,46,11.8,,69.9,21,20.4,20,0
2017-08-12,27,0,61,16,,70.8,20,19.7,18,0
2017-08-13,28.3,0,,9.2,,72.3,22,19.4,18,0
2017-08-14,29,0,,10.2,,74.5,24,20.2,0,0
2017-08-15,32.8,0,,11.7,,70.8,27,22.5,17,0
2017-08-16,30.5,0,122,14,,75.7,25,23.1,18,1
2017-08-17,30.2,0,124,9,,81.8,25,23.9,23,0
2017-08-18,31,0,,9.8,1015.3,81.3,25,23.8,22,1
2017-08-19,31,0,102,11.3,,80.3,26,23.5,21,0
2017-08-20,30.1,0,66,12.1,,75.8,24,22.3,19,0
2017-08-21,,0,,,,70.3,20,18.9,18,0
2017-08-22,28.3,0,161,11.2,1017,73.3,21,19.2,17,1
2017-08-23,29.6,0,193,12.6,1016.1,77.5,23,20.2,16,1
2017-08-24,30.6,0,154,11.2,,77.6,25,21.6,18,1
2017-08-25,30.5,0,151,14.3,,72.8,26,21.4,16,1
2017-08-26,32,0,156,10.9,,76.6,27,23,18,1
2017-08-27,35.1,0,175,12.3,1013.3,61.7,27,21.1,16,1
2017-08-28,32,0,144,13,,66.9,26,21.8,15,1
2017-08-29,,0,,,,70.3,26,22.4,20,1
2017-08-30,32,0,150,13.4,,69.6,25,21.8,18,1
2017-08-31,29,0,130,9.6,,80.1,24,22.9,21,0
2017-09-01,30.2,0,67,13.3,,80.5,26,23.5,21,0
2017-09-02,28.2,0.3,63,12.6,,72.4,23,20.3,19,0
2017-09-03,28,0.3,169,13.2,,67.8,19,17.4,16,1
2017-09-04,29.1,0,176,13.5,1015,64.3,21,16.8,13,0
2017-09-05,30,0,163,13.9,,67,22,18.2,14,1
2017-09-06,29.3,0,79,13.1,1018.9,76.1,23,20.4,18,0
2017-09-07,28,0,68,11.8,,75.6,22,21,20,0
2017-09-08,28,0,155,11.4,,75,21,19.4,17,1
2017-09-09,36,0,222,18,,54.4,21,15.5,11,1
2017-09-10,23,0.3,240,14.7,1008.3,74.5,19,14.6,12,0
2017-09-11,29,18,220,15.4,,72.7,20,15.3,12,0
2017-09-12,32,0,206,15.3,1014.4,60.6,21,15.6,12,0
2017-09-13,28,0,176,12.9,,76.5,23,18.5,14,0
2017-09-14,29,0,182,12.3,,75.3,23,19.3,13,1
2017-09-15,28,0,223,11.6,1011,66.8,22,17.2,13,1
2017-09-16,29,0,151,10.4,1011.3,69.4,22,18.3,15,0
2017-09-17,27,0,114,13.1,,75.1,21,18.2,14,1
2017-09-18,28.2,0,227,11.7,,77.7,22,19.2,17,1
2017-09-19,26,0,187,11,1019.3,71.8,19,16.3,14,0
2017-09-20,26,0,201,12.5,,68,17,14.3,12,0
2017-09-21,26.1,0,196,11.6,,71.2,19,15.7,13,0
2017-09-22,,0,,,,74.7,21,17.9,14,1
2017-09-23,27.8,0,147,9.1,,83.5,23,21.3,19,0
2017-09-24,27.1,0,183,11,,80.4,21,19.2,17,0
2017-09-25,,0.3,,,,67.8,18,14.9,10,0
2017-09-26,27,0,152,14.3,,62.7,21,14.2,8,1
2017-09-27,26.5,0,3,12.2,,76.5,20,18.1,16,0
2017-09-28,26,0,102,10.6,,75.2,19,17.7,16,0
2017-09-29,,0,,,,75.5,20,18.5,16,0
2017-09-30,26,0,120,10,,77.3,20,18.1,17,0
2017-10-01,,0,,,,77.7,19,17.9,17,0
2017-10-02,,0,,,,80.2,20,17.7,16,0
2017-10-03,,3,,,,82.8,19,17.4,16,0
2017-10-04,,0,,,,74.1,19,17.8,16,0
2017-10-05,,0,,,,75.7,19,17.2,15,0
2017-10-06,26,0,196,11.9,1017.6,79.5,19,16.5,14,0
2017-10-07,,3,,,,80.4,18,16.5,15,0
2017-10-08,24,0,203,11.7,,76.5,17,14.2,12,0
2017-10-09,,0,,,,74.8,18,14.3,12,0
2017-10-10,,0,,,,77.5,17,14.7,12,0
2017-10-11,,0,,,,80.5,14,12.7,11,1
2017-10-12,,0,,,,75.7,19,17.1,15,1
2017-10-13,25,0,204,14.4,,75.1,18,14.3,10,1
2017-10-14,25,0,203,14.6,,69.2,18,12.8,5,1
2017-10-15,25,0,203,12.5,,73.4,18,13.9,9,1
2017-10-16,28,0,227,15.7,,64.4,19,13.6,9,1
2017-10-17,29,0,219,18.3,1021.8,59.6,20,12.9,9,1
2017-10-18,29,0,243,17.5,,62.4,20,13.1,6,0
2017-10-19,29.3,0,252,11.8,,63.5,17,12.9,8,1
2017-10-20,23,9.9,244,12.2,,71.8,15,13.2,12,0
2017-10-21,,0,,,,82,17,14.6,13,0
2017-10-22,25,,,12.6,1022.1,82.5,19,16.3,15,0
2017-10-23,,15,,,,86,18,16.5,14,0
2017-10-24,23,1,243,12.1,1023.3,82.9,17,15.2,14,0
2017-10-25,25,1,214,12.2,,80.9,18,15.8,14,0
2017-10-26,,0.3,,,,82.1,18,14.2,11,0
2017-10-27,,0,,,,82,20,14.1,11,0
2017-10-28,24,0,257,13.5,,74.8,15,12.9,10,1
2017-10-29,,0.5,,,,80.3,18,14.5,12,0
2017-10-30,24,0,191,13.8,,80.3,18,14.2,11,0
2017-10-31,23,0,206,11.8,,76.2,26,14.7,11,0
2016-06-01,22.5,6.1,,,1018.4,84.9,17,15,12,0
2016-06-02,23.5,0,,6,1015,83,19,15.6,13,0
2016-06-03,24.3,0,,6.1,,81.4,20,16.3,12,0
2016-06-04,24.2,1,,6.2,1012.5,81.8,21,18.6,14,0
2016-06-05,25,2,,3.6,1016.2,84.9,19,17.3,14,0
2016-06-06,24.7,0,,4.2,,87.5,21,18.6,15,0
2016-06-07,25.7,0,,3,,88,21,19.6,17,0
2016-06-08,25.6,0,,7.8,,82.7,21,18.6,15,0
2016-06-09,31.2,0,,10.3,,72.7,23,17.5,13,0
2016-06-10,29,0,,5.4,,74.5,22,18.2,15,0
2016-06-11,28.5,0,,5.9,,71.2,21,18.3,16,0
2016-06-12,26.6,0,,6.4,1015,82.8,22,20.3,19,0
2016-06-13,28,0,,6.8,,77.4,21,19.1,17,0
2016-06-14,28,0,,7.8,,80.2,23,20,15,0
2016-06-15,32,0,,15.1,,75.7,22,20.1,19,0
2016-06-16,28.5,0,317,11.3,1008.5,64.5,18,16.6,13,0
2016-06-17,24.7,0,,4.2,,72.8,18,16.6,14,0
2016-06-18,25.8,0,,5.1,1019.4,81.5,20,18.3,16,0
2016-06-19,24,9.9,,6.1,,73.5,18,15.3,14,0
2016-06-20,25,0,,5.1,,71.1,16,14.4,12,1
2016-06-21,24.5,0,,4.2,,73.9,18,15.7,13,0
2016-06-22,25.5,0,,4.2,,79.5,21,17.7,14,0
2016-06-23,27,0,,2.6,,77.8,20,17.9,15,0
2016-06-24,26.5,0,,3.9,,79.6,22,18.4,14,1
2016-06-25,27.5,0,,3.1,,81,23,19.8,16,0
2016-06-26,28.2,0,,7.3,,79.2,23,20.9,17,0
2016-06-27,26.5,0,,6.8,,84.3,23,21.6,19,0
2016-06-28,27.6,0,,4.4,,80.7,22,20.8,19,0
2016-06-29,27.1,0,,8.7,,80.7,23,21.4,19,0
2016-06-30,28.4,0,,5.3,,82,23,21.6,21,0
2016-07-01,27.2,0,,6.7,,82,22,20.3,17,0
2016-07-02,27.1,0,,8.2,1016.9,83,23,20.4,16,0
2016-07-03,28.2,0,,9.2,,80.6,23,20.5,15,0
2016-07-04,30.3,0,,9.1,,79.5,23,21.6,18,0
2016-07-05,31,0,,17.9,,69.3,22,20.4,14,0
2016-07-06,28,0,,6.8,,80.3,22,20.9,19,0
2016-07-07,29,0,,9.3,,73,23,19.6,16,1
2016-07-08,33,0,,8.7,1018.7,62.1,24,19.3,13,0
2016-07-09,34.5,0,,12.4,,65.4,24,21.1,14,0
2016-07-10,29.6,0,,6,,82.4,24,22,18,0
2016-07-11,,0,,,,81.3,24,21.4,19,0
2016-07-12,28.7,0,,6.9,,84.2,24,22.8,20,0
2016-07-13,29.6,0,,12.2,,80.9,24,21.8,20,0
2016-07-14,27.4,0,95,16.2,,66.8,20,18.2,17,0
2016-07-15,26.5,0,100,12.5,,62.9,18,15.8,13,0
2016-07-16,26.5,0,,6,,65.1,18,14.5,11,1
2016-07-17,27,0,,4.1,,76.4,21,18.1,15,0
2016-07-18,28.2,0,,6,,81.8,24,20.6,17,1
2016-07-19,28.2,0,,3.6,,83.8,23,21,18,1
2016-07-20,28.5,0,,5.2,,81.4,24,20.7,17,0
2016-07-21,36.7,0,,11,,53.9,24,16,8,1
2016-07-22,32.4,0,,11.4,,58.3,24,18,10,1
2016-07-23,29.2,0,,6.8,,78,23,21.6,19,1
2016-07-24,29,0,,4.2,,76.3,22,20.7,18,1
2016-07-25,28.5,0,,4.9,,74.6,22,19.3,16,1
2016-07-26,29.8,0,,4.9,,73,23,19.8,16,1
2016-07-27,29.5,0,,5.5,,69.4,23,19.1,15,1
2016-07-28,29.7,0,,5.9,1016.7,72.9,23,19.9,16,1
2016-07-29,29.5,0,,3,,75.7,23,20.4,17,1
2016-07-30,29.7,0,,3.2,,76.5,25,21.3,16,0
2016-07-31,31.4,0,209,10,,61.6,24,19.9,13,1
2016-08-01,34.5,0,,9.8,1016.7,67.1,25,22,15,0
2016-08-02,29.4,0,,6.6,,80,24,22.3,20,0
2016-08-03,29.5,0,,4.7,,78.5,23,20.3,18,0
2016-08-04,30.2,0,,5,,69,25,19.3,13,1
2016-08-05,29.7,0,,6.5,,74.5,23,20.4,15,1
2016-08-06,29,0,,5.2,,70.3,23,19.8,17,0
2016-08-07,29.5,0,,7.5,1021.5,66.4,20,17.5,15,0
2016-08-08,28.5,0,,5,,73,20,18.6,17,0
2016-08-09,28.6,0,,5.7,,71.2,22,18.1,0,0
2016-08-10,29.1,0,,10.3,,73.9,23,20.2,19,0
2016-08-11,28.2,0,90,17.7,,65.3,19,18.3,17,0
2016-08-12,27.6,0,160,9.5,,69.6,19,17.4,16,0
2016-08-13,28.2,0,,7.7,,71.9,21,17.9,14,0
2016-08-14,28.6,0,,6.8,,76.3,22,19.9,17,1
2016-08-15,30,0,,6.8,,79,23,20.8,18,0
2016-08-16,29,0,,8.2,,79.6,23,21.1,19,0
2016-08-17,28.5,0,,6.2,,82.1,23,21.5,19,0
2016-08-18,31,0,,11,,70.4,23,18.7,15,1
2016-08-19,34.2,0,,13.8,,54.2,21,17.2,14,1
2016-08-20,31.5,0,,11.3,,61.6,25,18.8,14,1
2016-08-21,31,0,,9.1,,72.7,25,21,15,0
2016-08-22,28.8,0,,9.9,,72.4,22,20.3,18,0
2016-08-23,28.5,0,,7,,75.2,21,18.6,16,0
2016-08-24,28.1,0,,4.9,,77.8,22,19.6,17,1
2016-08-25,29.3,0,,,,78.7,23,20.5,18,0
2016-08-26,30,0,,10.8,,83.7,24,21.7,18,1
2016-08-27,30.5,0,,7.4,,81.5,24,21.9,19,1
2016-08-28,29.5,0,,7.1,,83.4,24,22,19,1
2016-08-29,35.3,0,,9.3,,70.8,25,20.2,15,1
2016-08-30,30,0,,7.5,,76.4,24,21.6,16,0
2016-08-31,29.5,0,,7.7,,80,24,22.9,22,0
2016-09-01,29,0,,6,,77.1,23,22,21,1
2016-09-02,29.2,0,,7.1,,81.4,23,21.9,20,0
2016-09-03,29.6,0,,9.3,,75.6,22,19.8,16,1
2016-09-04,33.5,0,251,11.4,,64,22,17.7,14,1
2016-09-05,37.2,0,,14.9,,49.5,23,15.9,12,1
2016-09-06,31.5,0,,7.8,,56.9,20,16.9,12,1
2016-09-07,29.5,0,,5.2,,75.2,23,20.5,18,0
2016-09-08,28.6,0,172,8.3,1015.2,79.8,22,20.4,18,1
2016-09-09,28.5,0,,6.4,,77.6,22,19.6,18,1
2016-09-10,29,0,,6,,80,23,21,18,0
2016-09-11,29.6,0,,2.6,,80.3,23,21.4,20,0
2016-09-12,28.5,0,,6.1,,81.5,24,20.7,17,1
2016-09-13,30.1,0,,10,1012.2,83.8,25,22.5,20,0
2016-09-14,29.5,0,,6.4,,79.3,24,21.1,18,0
2016-09-15,27.5,16,,2.4,,84.3,21,20.4,19,0
2016-09-16,28,0,,4,,79.4,21,19.8,18,0
2016-09-17,27.5,0,,5.6,,80,21,18.5,17,0
2016-09-18,27.5,0,,3.9,,81,22,18.5,17,0
2016-09-19,27,0,,4.1,,78.6,20,18,16,0
2016-09-20,27,0,,4.5,,73.2,16,15.1,14,0
2016-09-21,28,0,,7.2,,68,18,15.6,14,1
2016-09-22,28.5,0,,7.2,1017.9,68.6,21,16.6,12,1
2016-09-23,29.3,0,,4.7,,69.9,22,18.8,16,0
2016-09-24,27.5,0,,,1019.8,78.2,21,18.5,15,0
2016-09-25,27.1,0,,9.1,,71.5,20,16.6,14,0
2016-09-26,27.1,0,,4.8,,75.4,19,17.2,16,0
2016-09-27,27,0,,3.7,,75.1,19,17.1,14,0
2016-09-28,25.5,3,,6.6,,78.9,18,16.9,15,0
2016-09-29,26.7,20.1,,,,78.4,20,17.8,16,0
2016-09-30,29.5,0,,,,75.3,21,18.3,16,0
2016-10-01,29.6,0,,6.8,,78.7,22,19.5,16,0
2016-10-02,27.5,0,,,,88.1,22,20.1,18,0
2016-10-03,28.1,0,,5.7,1018.9,84.4,23,20.9,18,0
2016-10-04,28,0,,6.6,1018.6,83.8,23,21.1,19,0
2016-10-05,26.2,0,,,,83.2,22,20.5,20,0
2016-10-06,28,0,,7.1,,79.3,22,19.6,17,1
2016-10-07,27.9,0,,8.5,,78.8,23,19.4,16,0
2016-10-08,28,0,,,,82.7,22,19.5,16,0
2016-10-09,28.4,0.3,,3.8,,78.5,21,19.1,18,0
2016-10-10,25.5,4.1,280,7.4,1016.5,78.7,17,16.1,14,0
2016-10-11,28.6,4.1,,12.7,,74.3,20,16,12,0
2016-10-12,25.6,0,,10.2,,82.6,21,17.6,15,0
2016-10-13,27.4,0,279,10.8,1002.3,79.6,23,19,16,1
2016-10-14,27.5,2,,6.5,,65.2,20,15.3,12,0
2016-10-15,26.6,0,,9.3,1016.6,70.4,17,14.8,12,1
2016-10-16,28.5,0,,9.1,,71.3,20,15.3,13,0
2016-10-17,31.9,0,,9.7,,61.3,20,13.3,7,1
2016-10-18,27.7,0,,5.5,,67.4,21,14.7,9,1
2016-10-19,25,0.5,,1.6,1019.2,86.3,21,19.3,18,0
2016-10-20,25.6,0.5,,6.5,,86.8,21,19.4,18,0
2016-10-21,26,5.1,,5.1,1012.8,81,20,18.5,16,0
2016-10-22,28.2,0,273,8.8,,79.9,20,18,16,0
2016-10-23,27,1,,7.6,,76.5,22,18.5,16,0
2016-10-24,37,0,,6.6,,43,17,13.3,10,0
2016-10-25,39.5,0,,9.9,1017.1,32.6,19,11.3,5,1
2016-10-26,34.4,0,,9,,42,22,11.9,6,1
2016-10-27,26.2,0,,3.6,1024,67.8,21,15.2,11,1
2016-10-28,24.5,1,,6.9,1026.8,75,18,15.4,12,0
2016-10-29,24.5,3,,10.2,1024.7,75,19,14.4,12,0
2016-10-30,33.5,0,,8.1,,77.6,16,14.4,13,0
2016-10-31,24,0,,7.7,1020.9,76.5,16,13.8,12,0
2015-06-01,24,0,,6.7,,83.8,20,17.4,15,0
2015-06-02,24.1,0,,5.5,,85.2,20,17.2,14,0
2015-06-03,25.2,0,,,,82.1,20,17.6,14,0
2015-06-04,27.5,0,,3.5,,74.3,20,16.7,14,0
2015-06-05,27.5,0,,4.6,,75.7,20,16.6,12,0
2015-06-06,25.4,0,,2.4,,79.5,21,17.1,13,0
2015-06-07,26.2,0,,,,81.9,20,18.2,14,0
2015-06-08,26.5,0,,4.5,,82.8,21,19,15,0
2015-06-09,27,0,,5.8,,84,21,19.9,18,0
2015-06-10,28.8,0,,5.8,,83,23,20.6,18,0
2015-06-11,28.4,0,,10.7,,79.5,23,20.6,19,0
2015-06-12,26.6,0,,7.4,,80.1,22,19.6,17,0
2015-06-13,26.1,0,,4,,74,20,17,13,0
2015-06-14,28,0,,12.9,,68.8,19,16.2,14,0
2015-06-15,26.4,0.5,,,,71.7,18,16.1,15,0
2015-06-16,26.2,0,,5.7,,67.4,18,15.4,12,0
2015-06-17,26.1,0,,8.5,,75.5,18,16.1,14,0
2015-06-18,25.3,0,,7.5,,76.2,19,16.8,14,0
2015-06-19,26.5,0,,6.9,,77.3,19,17.5,16,0
2015-06-20,27.4,0,,7.8,,74.7,20,17.4,14,0
2015-06-21,28,0,,4.5,,70.4,19,16.5,13,0
2015-06-22,27,0,,9.6,,71.9,21,17.6,13,0
2015-06-23,27.2,0.3,,,,75.3,22,19.6,15,0
2015-06-24,27.5,1,,7.2,,81.7,22,19.6,16,0
2015-06-25,28,0,,6.4,,78.2,21,19,16,1
2015-06-26,26.5,0,,,,79,21,18,15,0
2015-06-27,28.8,0,,9.5,,62,22,15.1,9,0
2015-06-28,31.9,0,,9.4,,58.6,22,16,10,0
2015-06-29,29.7,0,,5.3,,69.8,24,18.6,13,0
2015-06-30,31,0,,8.2,,72.2,23,17.9,-1,0
2015-07-01,30.5,0,,6.6,,63.5,23,17.5,9,0
2015-07-02,34.6,0,,9.4,,63.9,25,18.1,12,0
2015-07-03,30.5,0,,7,,74.5,25,19.7,15,0
2015-07-04,31,0,,7.4,,71.3,24,19.8,16,1
2015-07-05,33,0,,3.3,,62.6,24,18.8,15,0
2015-07-06,32.5,0,,2.5,,60.2,23,18,14,0
2015-07-07,34.1,0,,5.4,,59.7,24,18.3,13,0
2015-07-08,34,0,,8.3,,63.2,24,19,13,0
2015-07-09,29.3,0,,4.1,,75.5,24,20.7,16,0
2015-07-10,28.9,0,,3.4,,78.1,22,20,18,0
2015-07-11,29.1,0,,6,,72.1,22,18.7,13,1
2015-07-12,29.5,0,,3.6,,79.3,25,21.1,16,1
2015-07-13,29.7,0,,2.3,,81.8,24,22.3,20,0
2015-07-14,29.6,0,,3.2,,79.4,24,21.4,19,0
2015-07-15,30.3,0,,5.6,,72,23,19.6,17,1
2015-07-16,29.5,0,,6.5,,77.8,24,20.6,16,0
2015-07-17,,,,,,83.3,24,22.7,21,0
2015-07-18,29.8,0,,4.4,,81.3,24,22.3,19,0
2015-07-19,30,0,,7.9,,78.5,25,21.4,15,0
2015-07-20,29.7,0,,7.5,,81.6,25,22.4,18,1
2015-07-21,31.5,0,,8.3,,83.5,26,23.9,22,1
2015-07-22,31.5,0,,8.7,,78.3,26,23.3,19,1
2015-07-23,31.6,0,,6.3,,77.6,25,23.1,20,0
2015-07-24,31,0,,5.4,,76,24,22,18,0
2015-07-25,34,0,,7.2,,58.8,24,18.9,16,1
2015-07-26,30.8,0,,4.6,,74,25,21.1,15,0
2015-07-27,33.4,0,,11.9,,76.6,26,22.3,17,0
2015-07-28,31.1,0,,6.8,,75.5,27,22,16,0
2015-07-29,31.7,0,,,,78.4,27,22.6,0,1
2015-07-30,32.1,,,11,,80.2,27,25.1,20,0
2015-07-31,31.6,0,,8.3,,86.7,27,25.4,22,1
2015-08-01,35.2,6.1,,11.4,,70.7,27,23.1,19,0
2015-08-02,30.7,0,,9,,82.5,26,24.7,24,0
2015-08-03,30.6,0,,3.2,,82.4,26,23.9,21,0
2015-08-04,30.5,0,,7.8,,78,25,21.6,19,0
2015-08-05,33,0,,,,82.4,26,23.3,19,1
2015-08-06,33.1,0,,6.3,,74.2,26,22.1,20,1
2015-08-07,33.8,0,,5.5,,66.8,26,20.8,16,1
2015-08-08,31.2,0,,4.4,1014.8,77.2,27,22.4,17,0
2015-08-09,31.2,0,,6,,81.3,26,24,20,0
2015-08-10,32.5,2,,6.1,,79.4,25,23.6,21,0
2015-08-11,30.5,0,,4.6,,78.8,25,22.5,20,0
2015-08-12,30.5,0,,4.9,1016.2,79.8,26,22.8,21,1
2015-08-13,32.5,,,7,1014.4,73,25,22.2,21,1
2015-08-14,31.1,0,,5.8,,78.1,25,22.3,19,0
2015-08-15,29.2,0,,5.3,,70.3,23,18.5,14,0
2015-08-16,29,0,,4.1,1013.6,75.7,22,20,16,0
2015-08-17,30.5,0,,7.1,1011.5,73.4,24,19.8,17,0
2015-08-18,33.2,0,,7.5,,72,24,20.7,16,0
2015-08-19,29.5,2,,6.6,,83.2,24,22.9,22,0
2015-08-20,30,0,,5.4,,75.7,23,21.5,20,0
2015-08-21,30,0,,4.7,,75.8,22,20.4,19,0
2015-08-22,30.3,0,268,8.8,1013.8,70.6,23,20.2,17,1
2015-08-23,32.4,0,,15.1,,67.5,25,21.1,17,1
2015-08-24,32,0,,6.4,1013.9,71.8,22,20.6,18,0
2015-08-25,29.5,0,,5.3,,74.8,23,20.8,16,0
2015-08-26,30,0,,5.1,,82,25,22.7,20,0
2015-08-27,31.5,0,,,,83.3,25,23.6,22,0
2015-08-28,32,0,,5.8,,84.2,26,24.4,22,0
2015-08-29,31.9,0,,5.2,,80.4,26,24,19,1
2015-08-30,32.6,,,5.3,,67.8,25,21.4,17,0
2015-08-31,32,0,,,,73.1,25,22.2,18,1
2015-09-01,35.4,0,,7,1014.2,76.9,25,22.4,18,0
2015-09-02,31,0,,3.7,,79.3,24,22.9,21,0
2015-09-03,29.4,0,,1.8,,80.2,24,22.4,19,0
2015-09-04,31,3,,3.5,,83.7,24,23,22,0
2015-09-05,29.5,2,,4.8,,79,23,21.3,20,0
2015-09-06,26.2,0,,13.5,,80.6,23,21.6,20,0
2015-09-07,25.2,0.3,,11.3,,81.1,22,20.7,20,0
2015-09-08,26.1,0,,2.6,,84.3,22,20.5,19,0
2015-09-09,27.2,1,,7.8,1014.2,70.7,21,17.1,14,0
2015-09-10,28.1,0,,5.8,,73.1,20,17.2,15,0
2015-09-11,32.3,0,,9.5,1014.8,65,22,17.2,13,0
2015-09-12,37.8,0,247,16.1,1014.3,55.1,23,17.1,12,0
2015-09-13,39,,,24.4,,56.6,23,18.2,14,0
2015-09-14,30.2,0,,4.9,,74.9,23,20.5,18,1
2015-09-15,30,0,,5.9,,72.7,23,19.7,16,0
2015-09-16,30.5,0,,3.9,,70.6,23,18.7,16,0
2015-09-17,31,0,,4.5,1012.1,73.4,22,19.3,17,0
2015-09-18,28.8,,,1.9,,78.5,23,20.4,18,0
2015-09-19,26.2,0,,9.2,1019.1,79.3,23,21.1,20,0
2015-09-20,27.1,1,,2.8,,74.8,21,18.4,16,0
2015-09-21,27,0,,11.6,1017.3,71.3,17,15,12,0
2015-09-22,30.5,0,222,11,,57.9,19,14.1,9,1
2015-09-23,30.2,0,,12.9,,66.4,22,17.3,14,0
2015-09-24,25,7.1,,,,83.8,20,18,16,0
2015-09-25,26.5,3,,,,74.2,17,15.7,14,0
2015-09-26,26,0,,10.5,,77.3,23,15.7,13,0
2015-09-27,27,,,8.1,,76.3,18,16.4,14,0
2015-09-28,26.2,3,,4.7,,77,18,16.2,15,0
2015-09-29,25,0,,4.2,,80.6,19,16.5,14,0
2015-09-30,29.6,0,,12.4,,64.8,18,15.7,14,0
2015-10-01,26,,,13.2,,66.5,17,15.3,14,0
2015-10-02,25.2,,,9,,77.5,20,16.3,14,0
2015-10-03,30.5,0,,12.8,1017.6,65.3,23,16,11,0
2015-10-04,32,,,13.7,,57.1,21,17.1,14,0
2015-10-05,33.5,0,,9.2,,61,22,17.8,14,0
2015-10-06,30.6,0,,10.8,1014.6,66,22,18.8,16,0
2015-10-07,29.2,0,,7.2,,79.6,21,19.5,18,0
2015-10-08,26,6.1,,6,,87.4,21,19.2,18,0
2015-10-09,21,2,,8.6,,87.1,20,16.3,0,0
2015-10-10,25.3,8.9,,10.5,,76.2,17,14.7,12,0
2015-10-11,27,0.8,,12.2,,70.5,17,13.3,11,0
2015-10-12,29.7,0,,11.2,,69.6,21,16.1,13,0
2015-10-13,30,0,,7.4,,74.5,22,17.6,13,0
2015-10-14,29,0,,5.1,,80.7,20,18.6,18,0
2015-10-15,24.5,0,,5.5,,82.2,18,16.7,15,0
2015-10-16,24.4,0,,6.9,,79.9,18,15.6,14,0
2015-10-17,24.2,0,,4.9,,83.4,20,16.4,13,0
2015-10-18,27,0,,10.4,,66.3,21,16.3,13,0
2015-10-19,32.5,0,,12.3,,68.2,21,16.9,12,0
2015-10-20,25.3,0,,5.5,,85.8,20,18.1,15,0
2015-10-21,19.2,5.1,,6.4,,90.1,18,15.7,13,0
2015-10-22,19.3,7.1,,5.5,,87.7,15,13.7,12,0
2015-10-23,22,8.9,,6,,79.7,15,13.7,12,0
2015-10-24,23,0,,8.3,,78.7,17,14,11,0
2015-10-25,26,0,,4.5,,78.5,19,15.9,11,0
2015-10-26,23,0,,17.2,,72.6,16,14.6,13,0
2015-10-27,28,2,,13.9,1015.5,76.6,19,16,14,0
2015-10-28,25.5,0,,5.8,,78.7,19,16.5,14,0
2015-10-29,24,0.3,,,,74.9,16,14,12,0
2015-10-30,23.1,0,,8.3,,80.9,17,14,11,0
2015-10-31,,0,,,,80.1,16,13.8,11,0
2014-06-01,21.9,0,,,,85.3,17,16.6,16,0
2014-06-02,18,47,,,,92.1,17,14.4,13,0
2014-06-03,22.7,18,,9.2,,81.6,17,14.1,11,0
2014-06-04,29.1,0,,,,70.3,19,15.1,13,0
2014-06-05,30.5,0,,14.2,,64.9,20,15.4,13,0
2014-06-06,32.7,0,,10.5,,61.5,20,15.6,11,0
2014-06-07,36,0,,18.1,,61.6,20,16,12,0
2014-06-08,26,0,,,,80.5,21,18.2,14,0
2014-06-09,25.2,0,,11.6,,85.3,20,18.8,16,0
2014-06-10,25.6,0,,,,84.4,21,18.8,16,0
2014-06-11,25.6,0,,7.5,,87.9,22,19.9,18,0
2014-06-12,26.2,0,,,,87.5,22,20.4,18,0
2014-06-13,27.2,0,,,,80.4,22,18.5,15,0
2014-06-14,27.7,0,,9.6,,70.9,20,16.8,13,0
2014-06-15,27.2,0,,7.8,,78.8,22,18.1,14,0
2014-06-16,25.5,0.5,,8.6,,74.5,20,17.8,16,0
2014-06-17,25.5,0,,,,78,19,17.1,15,0
2014-06-18,25.4,0,,,,75.4,19,17,14,0
2014-06-19,26,0,,8.3,,80,21,18.5,16,0
2014-06-20,26.8,0,,,,80.7,22,19.6,18,0
2014-06-21,27,0.3,,,,83.7,22,20.3,18,0
2014-06-22,26.7,0,,,,82.5,22,20.4,19,1
2014-06-23,27.3,0,,,,83.5,21,19.9,18,0
2014-06-24,,0,,,,84.8,22,20.3,18,0
2014-06-25,27,1,,9,,82.2,21,19.6,18,0
2014-06-26,26.3,0,,,,78.7,20,18.1,16,0
2014-06-27,26.7,0,,10.3,,80.1,21,18.5,16,0
2014-06-28,34.2,0,,13,,65.8,22,19.1,13,1
2014-06-29,31.5,0,,14.3,,74.5,22,20.2,17,0
2014-06-30,26.6,0,,,,80.3,22,19.5,18,0
2014-07-01,28.5,0,,10.1,,74.1,22,18.3,15,1
2014-07-02,30,0,,,,67.4,23,18.2,14,0
2014-07-03,29,0,,,,75.7,22,20.8,18,1
2014-07-04,28.4,0,,9.9,,73.1,21,18.9,14,0
2014-07-05,27.9,0,,7.6,,72.4,20,17.9,15,0
2014-07-06,28.2,0,,10.1,,79.7,23,19.9,15,0
2014-07-07,29.3,0,,,,73.4,21,19.8,17,0
2014-07-08,27.6,0,,9.3,,81.8,22,20.4,16,1
2014-07-09,28,0,,9.8,,79.4,22,20.3,19,1
2014-07-10,26.9,0,81,12.8,,75.8,20,19.2,18,0
2014-07-11,27.2,0,,7.4,,75,19,17.6,16,0
2014-07-12,,0,,,,75.9,20,18.4,16,1
2014-07-13,27.6,0,,,,81.2,22,19.8,16,0
2014-07-14,29.5,0,,9.8,,81,24,20.3,17,1
2014-07-15,28.2,0,,,,80.6,24,20.2,18,1
2014-07-16,28.4,0,,,,79.8,22,19.5,17,1
2014-07-17,,0,,,,81.1,22,20.1,17,1
2014-07-18,31.7,0,,13.5,,67.3,23,18.3,14,1
2014-07-19,33.3,0,,17.1,,61.5,24,20,11,1
2014-07-20,30.6,0,,12.9,,75.3,23,21.4,19,1
2014-07-21,28,0.5,,8.1,,77.6,22,19.9,17,1
2014-07-22,27.4,0,,,,79.3,22,18.8,14,1
2014-07-23,28.5,0,,9.9,,73.9,21,18.3,15,1
2014-07-24,31.7,0,,12.7,,70.6,24,19.6,14,1
2014-07-25,29.1,0,,11.1,,80.9,24,22.4,16,1
2014-07-26,29.5,0.3,,6.2,,86.5,24,23.5,22,1
2014-07-27,28.7,0,,6.6,,81.6,24,21.8,17,0
2014-07-28,,0,,,,72.7,22,19.6,17,1
2014-07-29,30.9,0,,10.9,,74,23,20.9,17,1
2014-07-30,28.1,0,,11.4,,71.2,22,19,17,0
2014-07-31,28.6,0,,,,73.1,21,18.1,15,1
2014-08-01,31.6,0,,12,,73.2,23,19.5,17,1
2014-08-02,30.5,0,,10.9,,68.2,22,19.1,17,1
2014-08-03,29.4,0,,,,75.2,23,20.1,17,1
2014-08-04,31.4,0,,8.5,,81,25,22.3,19,0
2014-08-05,30.4,0,,,,83.5,24,23.2,22,1
2014-08-06,28.8,0,,,,85.6,24,21.9,20,0
2014-08-07,29.5,0,,10.4,,79.2,23,20.6,19,1
2014-08-08,30.4,0,,8.5,,77,25,21.1,17,1
2014-08-09,36.8,0,,,,62.9,26,20.8,15,1
2014-08-10,36,0,,,,63.5,25,20.8,15,1
2014-08-11,31.4,0,,,,70.9,24,20.6,17,1
2014-08-12,30,0,,7.2,,74,25,21.1,17,1
2014-08-13,30.6,0,,11.1,,80.8,23,22.3,21,1
2014-08-14,29.7,0,,9.6,,81.4,24,22,20,1
2014-08-15,28.8,0,,,,79.7,23,21.6,21,0
2014-08-16,28,0,,12.7,,78.1,22,20.8,20,0
2014-08-17,28.2,0,,,,77.9,22,21,20,1
2014-08-18,28.5,0,,,,81,24,21.1,18,1
2014-08-19,29.6,0,,12.3,,83.8,24,23.6,22,1
2014-08-20,30.5,1,,7.2,,85.6,24,23,21,0
2014-08-21,28.8,0,,9.4,,83.2,24,21.3,18,1
2014-08-22,30.5,0,,,,79.3,24,20.6,17,1
2014-08-23,34.2,,,,,70.3,23,19.6,16,0
2014-08-24,28.5,,,7.7,,82.2,23,20.7,19,0
2014-08-25,28.7,0,,10.1,,81.3,23,20.9,19,1
2014-08-26,33.1,0,,,,67.8,23,18.9,14,1
2014-08-27,29.1,0,,,,72.4,23,18.6,12,1
2014-08-28,29.4,0,,9.5,,78.4,25,20.4,14,1
2014-08-29,30,0,,11.8,,78.2,25,21.3,18,1
2014-08-30,31,0,,11.9,,69.9,25,20.9,14,1
2014-08-31,30.4,0,,,,80.6,25,22.2,19,1
2014-09-01,29,0,,7.7,,77.8,23,21.2,17,1
2014-09-02,30.6,0,,,,70.8,23,19.2,16,1
2014-09-03,30,0,,10.6,,75.4,22,19.7,17,1
2014-09-04,29.3,0,,,,79,23,20.4,17,1
2014-09-05,29.1,0,,9.1,,78.4,23,20.3,17,1
2014-09-06,29,0,,9.9,,80.9,22,20.4,18,1
2014-09-07,31.5,0,,12.4,,70.2,24,19.4,14,1
2014-09-08,31.8,0,,,,56.4,24,18.7,14,1
2014-09-09,36.1,0,,15.1,,57.5,24,18.3,13,1
2014-09-10,30.7,0,,7.6,,77.2,24,21.2,18,0
2014-09-11,,0,,,,78.2,23,20.7,19,1
2014-09-12,30.3,0,,11.9,,72.6,23,19.1,14,1
2014-09-13,30,0,,,,72,22,18.8,16,1
2014-09-14,29.6,0,,9.3,,73,24,19.3,14,1
2014-09-15,31.9,0,,,,59.2,21,16,13,0
2014-09-16,31.4,0,,,,63.8,23,17.7,12,0
2014-09-17,34.7,0,,,,59.2,23,18.3,15,1
2014-09-18,29.2,1,,,,81,24,22.5,20,0
2014-09-19,30,0,,7.9,,80.6,24,23,21,0
2014-09-20,37.5,0,,,,65,24,20.2,15,1
2014-09-21,29,3,,8.6,,75.5,25,21.4,16,0
2014-09-22,31.2,0,,11.6,,70.7,24,20.7,17,0
2014-09-23,31.5,0,,6.9,,70.2,20,18.6,16,1
2014-09-24,29.1,0,,9,,79.9,22,20,17,1
2014-09-25,29,0,,8.1,,77.6,21,19.4,18,0
2014-09-26,26.5,2,75,13.6,,79.2,20,18.5,17,0
2014-09-27,27.5,0,,8.9,,75.5,21,18.6,17,0
2014-09-28,32.9,0,,16.4,,69.7,23,19.3,16,0
2014-09-29,32,0,,8.7,,60.8,21,17.9,16,1
2014-09-30,33.4,0,,15.2,,65.8,22,18.5,15,1
2014-10-01,30.5,0,,12.5,,73.6,24,20.2,16,0
2014-10-02,27.5,0,,10.3,,81.7,23,21.4,19,0
2014-10-03,25,0,,4.5,,83.9,22,19.3,16,0
2014-10-04,25.5,39.1,,15.3,,86.9,19,18,16,0
2014-10-05,26,25.9,,,,82.3,19,17.6,17,0
2014-10-06,27.4,7.1,,13.5,,75.6,20,16.4,14,0
2014-10-07,28.5,0,,13.4,,71.7,22,17.1,13,1
2014-10-08,34.5,,,14.6,,57.6,21,16.7,12,1
2014-10-09,29.5,0,,10.4,,74.4,23,19.4,12,1
2014-10-10,27.5,0,,9.2,,84.1,22,20.1,18,1
2014-10-11,27.2,0,,5.7,,81.9,22,19.9,17,0
2014-10-12,28.8,0,,12,,68.4,22,18.4,14,1
2014-10-13,26.3,0,,7.1,,74.8,21,18.9,16,0
2014-10-14,25.6,0,,8.2,,74.6,19,17.1,13,0
2014-10-15,25,3,,6.7,,68.8,17,14,11,0
2014-10-16,25.4,0,,,,70.1,17,13.8,11,0
2014-10-17,31.7,0,,14.7,,58.6,19,13.9,10,1
2014-10-18,34,0,,13.4,,59.4,21,15,12,1
2014-10-19,30.5,0,,13.9,,59,22,13.9,9,1
2014-10-20,29,0,,12.9,,63.6,20,14.4,9,1
2014-10-21,28.1,0,,13.9,,67.7,20,13.7,9,1
2014-10-22,25.7,0,,,,74.1,18,14,11,0
2014-10-23,24,1,,7.7,,77.5,15,14.4,14,0
2014-10-24,25.5,0,,9.5,,72.6,16,13.1,11,0
2014-10-25,25.2,0,,,,70.7,19,12.8,8,1
2014-10-26,26.5,0,,13.9,,68.7,18,12.7,9,0
2014-10-27,24.6,0,,12.5,,72.7,18,13,9,0
2014-10-28,23.1,0,,8.4,,82.2,20,14.8,12,1
2014-10-29,23.4,0,,11.7,,81.7,17,14.1,12,0
2014-10-30,24,0,216,11.4,,75,15,12.1,10,0
2014-10-31,23,0,,12.1,,72.6,15,11.4,9,1
2013-06-01,32,0.7,,12,1016.3,71,14,12,10,not fire
2013-06-02,30,4,,13,1017.2,73,16,12.4,10,not fire
2013-06-03,29,2,,14,1016.1,80,16,13,11,not fire
2013-06-04,30,0,,14,1015.6,64,17,13.8,11,not fire
2013-06-05,32,0.2,,14,1012.6,60,17,14.3,12,not fire
2013-06-06,35,0.1,,11,1013.7,54,18,16.5,14,fire
2013-06-07,35,0.2,,17,1016.5,44,18,16.1,13,fire
2013-06-08,28,1.3,,17,1015.2,51,18,16,12,not fire
2013-06-09,27,0.1,,18,1014.5,59,17,14,12,not fire
2013-06-10,30,0,,15,1016.3,41,18,15,13,fire
2013-06-11,31,0,,21,1019.1,42,18,15.4,14,fire
2013-06-12,27,0,,17,1019.2,58,20,15.9,12,fire
2013-06-13,30,2,,15,1017.8,52,19,15.7,13,not fire
2013-06-14,27,0.7,,16,1015.6,79,21,17.5,14,not fire
2013-06-15,28,0,,15,1014,90,22,19.6,17,not fire
2013-06-16,29,0.4,,15,1012.8,87,24,19.8,16,not fire
2013-06-17,31,4.7,,17,1010.5,69,22,18.4,11,not fire
2013-06-18,33,8.7,,10,1014.9,62,21,17.1,12,not fire
2013-06-19,32,4.5,,14,1016.9,67,18,14.5,12,not fire
2013-06-20,31,0.2,,14,1016.7,72,19,17,15,not fire
2013-06-21,32,0,,14,1018,55,21,18.1,15,fire
2013-06-22,33,1.1,,14,1019,46,20,18.6,18,not fire
2013-06-23,33,0.8,,16,1020.3,59,20,19.3,18,not fire
2013-06-24,35,0,,16,1021.3,68,20,18.6,18,fire
2013-06-25,34,0,72,16,1021.6,70,18,16.9,16,fire
2013-06-26,36,0,,16,1020.8,62,18,16,14,fire
2013-06-27,36,0,,15,1021.1,55,17,15.5,13,fire
2013-06-28,37,0,,13,1023.1,37,18,16.5,14,fire
2013-06-29,37,0.6,,13,1020,36,17,14.3,11,fire
2013-06-30,34,1.7,,15,,42,19,15.9,12,not fire
2013-07-01,28,2.2,,18,1015.1,58,21,18.7,16,not fire
2013-07-02,33,0,,16,1014.3,48,22,20.1,17,fire
2013-07-03,34,0.1,,17,1016,56,21,20.3,19,fire
2013-07-04,34,0,,18,1018.5,58,22,20.4,19,fire
2013-07-05,34,0,,18,1020.5,45,21,19,17,fire
2013-07-06,35,0.3,,15,1020.4,42,21,19,17,fire
2013-07-07,38,0.5,,13,1019.2,43,21,18.3,15,fire
2013-07-08,35,6,,18,1017.8,47,22,18.4,15,fire
2013-07-09,36,1.9,,15,1016.3,43,22,19.6,17,fire
2013-07-10,34,3.8,,16,1013.7,51,22,19.5,16,not fire
2013-07-11,34,2.9,,15,1010.8,56,23,19.5,16,not fire
2013-07-12,36,0,,13,1013.6,44,24,20.4,15,fire
2013-07-13,39,0.6,,13,1014,45,24,22.1,20,fire
2013-07-14,37,0.2,,18,1016.2,37,23,21.6,19,
2013-07-15,34,0,,17,1017.8,45,24,21.1,16,fire
2013-07-16,31,0,,17,1017.2,83,22,20.5,18,fire
2013-07-17,32,0,,17,1016.4,81,24,22,19,fire
2013-07-18,33,0,,15,1016.4,68,23,22.8,22,fire
2013-07-19,34,0,,16,1014.3,58,24,22.6,20,fire
2013-07-20,36,0,,16,1009.8,50,25,23,20,fire
2013-07-21,36,0,,18,1012,29,25,23.4,22,fire
2013-07-22,32,0,,18,1013.5,48,24,23.2,21,fire
2013-07-23,31,0,,17,1013.7,71,25,23.7,23,fire
2013-07-24,33,1.1,,17,1014.9,63,25,23,21,not fire
2013-07-25,39,1.2,,9,1014.4,64,25,22.2,19,not fire
2013-07-26,35,0.2,,10,1011.2,58,25,21.5,16,not fire
2013-07-27,29,0,,18,1008.9,87,25,20.4,15,not fire
2013-07-28,33,0,,16,1013.9,57,25,20.8,16,fire
2013-07-29,34,0,,16,1019.1,59,23,21.5,17,fire
2013-07-30,36,0,,16,1020.6,56,24,21.9,19,fire
2013-07-31,37,0,,15,1017.7,55,22,20,18,fire
2013-08-01,38,0,,14,1015.1,52,23,19.8,16,not fire
2013-08-02,40,0,,14,1014.4,34,23,20.7,11,fire
2013-08-03,39,0,,17,1015.1,33,24,19.8,14,fire
2013-08-04,38,0,,15,1016.4,35,24,19.6,12,fire
2013-08-05,34,0.1,,17,1014.4,42,25,20.5,13,fire
2013-08-06,30,3.1,,14,1012,54,25,17.6,11,not fire
2013-08-07,34,2.9,,13,1009.8,63,25,19.3,12,not fire
2013-08-08,37,0,,11,1012.6,56,25,21.4,16,fire
2013-08-09,39,0,,12,1019.5,43,25,20.9,19,fire
2013-08-10,39,0.2,,15,1019.1,39,21,19.3,17,fire
2013-08-11,40,0,,15,1017.7,31,22,19.8,18,fire
2013-08-12,39,0.4,,17,1015.3,21,23,20.3,17,fire
2013-08-13,35,0.2,,16,1013.7,34,24,21.6,19,fire
2013-08-14,37,0,,13,1015.3,40,23,20.1,16,fire
2013-08-15,35,0.3,,13,1016.8,46,22,20.2,16,fire
2013-08-16,40,0.1,,10,1016.3,41,22,18,12,fire
2013-08-17,42,0,,9,1015.3,24,23,21.6,20,fire
2013-08-18,37,0,,14,1015.4,37,24,22.3,21,fire
2013-08-19,35,0.1,,15,1016,66,24,22.7,20,fire
2013-08-20,36,0,,15,1017.8,81,23,21.9,20,fire
2013-08-21,36,0,,15,1017.3,71,21,19.3,18,fire
2013-08-22,37,0,,14,1015.2,53,21,18.1,15,fire
2013-08-23,36,0,,16,1013.5,43,23,18.9,15,fire
2013-08-24,35,0,,15,1012.1,38,24,21.3,18,fire
2013-08-25,34,0,,18,1011,40,23,21.8,20,fire
2013-08-26,33,0,,16,1008.1,37,24,22.6,21,fire
2013-08-27,36,0,,14,1010.8,54,25,22.5,19,fire
2013-08-28,35,0.4,,14,1013.2,56,24,22.2,20,not fire
2013-08-29,35,0.5,,17,1012.5,53,23,21.3,18,fire
2013-08-30,34,0,,15,1014.5,49,23,21.2,20,fire
2013-08-31,30,0,,19,1016.4,59,21,20.4,18,fire
2013-09-01,29,0,,16,1017.8,86,21,19.7,18,not fire
2013-09-02,28,0,,19,1019.6,67,22,19.9,19,not fire
2013-09-03,28,0,,16,1020.7,75,21,19.8,18,fire
2013-09-04,30,0.2,,15,1017.7,66,23,20.9,19,not fire
2013-09-05,30,4.1,,12,1012.2,58,23,21.3,20,not fire
2013-09-06,34,6.5,,14,1012,71,23,21.2,19,not fire
2013-09-07,31,0,,15,1014.6,62,24,22.2,20,fire
2013-09-08,30,0,,14,1017.3,88,24,23,22,fire
2013-09-09,30,0,,15,1020.6,80,25,23.3,22,fire
2013-09-10,29,1.1,,15,1018.5,74,23,20.7,19,not fire
2013-09-11,30,0,,14,1016.3,73,24,21.3,20,not fire
2013-09-12,31,0,,14,1017.7,72,22,21,20,fire
2013-09-13,29,0,,19,1019.9,49,21,20.3,19,fire
2013-09-14,28,0,,15,1017.3,81,22,20.4,19,fire
2013-09-15,32,0,,13,1013.6,51,23,21.6,20,fire
2013-09-16,33,0,,13,1012.3,26,24,22.1,20,fire
2013-09-17,34,0,,12,1012.1,44,23,21.4,20,fire
2013-09-18,36,0.1,,13,1012.6,33,23,20.8,19,fire
2013-09-19,29,0.1,,8,1012.3,41,22,20.6,19,fire
2013-09-20,34,0.2,,13,1016.6,58,20,18.2,16,not fire
2013-09-21,35,0,,17,1020.7,34,20,17.7,15,fire
2013-09-22,33,0,,13,1021.5,64,20,17.9,16,fire
2013-09-23,35,0,,14,1019.3,56,19,17.4,15,fire
2013-09-24,26,2,,6,1015.6,49,21,18.8,16,not fire
2013-09-25,28,0,,15,1013.7,70,23,20.1,17,not fire
2013-09-26,30,0,,14,1014.6,65,23,20.7,18,fire
2013-09-27,28,4.4,,15,1011.7,87,24,19.3,15,not fire
2013-09-28,27,0.5,,29,1010.5,87,24,19.2,17,not fire
2013-09-29,24,0.1,,18,1010.5,54,20,17.8,15,not fire
2013-09-30,24,0.2,,15,1010,64,21,17.2,14,not fire
2012-06-01,29,0,,18,1015.2,57,20,16.2,12,not fire
2012-06-02,29,1.3,,13,1012.8,61,21,16.8,12,not fire
2012-06-03,26,13.1,,22,1013.9,82,21,18.9,16,not fire
2012-06-04,25,2.5,,13,966.4,89,21,19.2,17,not fire
2012-06-05,27,0,,16,1016.1,77,20,18.2,17,not fire
2012-06-06,31,0,,14,1012.2,67,22,18,15,fire
2012-06-07,33,0,,13,1007.4,54,22,18,15,fire
2012-06-08,30,0,,15,1009.6,73,21,19.6,15,fire
2012-06-09,25,0.2,,13,1015.9,88,21,20.1,18,not fire
2012-06-10,28,0,,12,1015.3,79,21,19.2,18,not fire
2012-06-11,31,0,,14,1009.5,65,21,18.3,15,fire
2012-06-12,26,0,,19,1010.5,81,22,19,16,fire
2012-06-13,27,1.2,,21,1015.5,84,21,19.1,17,not fire
2012-06-14,30,0.5,,20,1013.1,78,21,19.3,18,not fire
2012-06-15,28,3.1,,17,1016,80,21,20.1,18,not fire
2012-06-16,29,0.7,,13,1017.5,89,21,20.9,20,not fire
2012-06-17,30,0.6,,16,1016.3,89,22,20.8,19,not fire
2012-06-18,31,0.3,,14,1014.6,78,22,20.2,9,not fire
2012-06-19,31,0.1,,16,1011.5,55,24,20.6,18,not fire
2012-06-20,30,0.4,,16,1013,80,23,21.8,18,not fire
2012-06-21,30,0,,14,1014,78,23,20.5,18,fire
2012-06-22,31,0.1,,17,1016.6,67,23,19.8,16,not fire
2012-06-23,32,0.1,,18,1018,62,23,20.7,17,fire
2012-06-24,32,0,,17,1018.2,66,24,22,19,fire
2012-06-25,31,0,,15,1018.3,64,23,20.8,18,fire
2012-06-26,31,0,,18,1019.1,64,23,19.4,16,fire
2012-06-27,34,0,,18,1016.6,53,23,18,14,fire
2012-06-28,32,0,,14,1012.2,55,23,19.3,14,fire
2012-06-29,32,0.3,,13,1010.6,47,23,18.3,13,not fire
2012-06-30,33,0,,14,1011.5,50,23,18.7,13,fire
2012-07-01,29,1,,19,1012.8,68,22,20.1,17,not fire
2012-07-02,27,1.2,,19,1017.1,75,22,19.9,17,not fire
2012-07-03,32,0.7,,20,1015.1,76,22,20.8,19,not fire
2012-07-04,33,0,,17,1011.4,78,23,21.8,20,not fire
2012-07-05,33,0,,14,1009,66,24,21.5,19,fire
2012-07-06,32,0,,14,1011.3,63,24,19.2,13,fire
2012-07-07,35,0.2,,18,1010.9,64,25,21.1,15,not fire
2012-07-08,33,0,,19,1010.7,68,25,23.7,22,fire
2012-07-09,32,1.4,,14,1012.7,68,25,24.4,23,not fire
2012-07-10,33,0.7,,13,1012.4,69,26,23.4,17,not fire
2012-07-11,33,0,,14,1014.3,76,26,25.1,24,not fire
2012-07-12,31,0.1,,13,1016.6,75,26,24.5,23,not fire
2012-07-13,34,0,,15,1014.4,81,25,24.1,23,not fire
2012-07-14,34,0.6,,13,1009.6,61,24,20.4,15,not fire
2012-07-15,30,0.4,,19,1016.3,80,24,22.2,20,not fire
2012-07-16,28,0,,21,1022.9,76,20,19.6,18,not fire
2012-07-17,29,0,,14,1023.6,70,19,18.3,16,fire
2012-07-18,31,0,,14,1020.5,68,20,17.1,10,fire
2012-07-19,35,0,,17,1013.9,59,23,18.7,14,fire
2012-07-20,33,0.1,,15,1011.8,65,25,21.8,17,fire
2012-07-21,33,0,,17,1014.2,70,24,22,19,fire
2012-07-22,28,0.1,,18,1016.3,79,23,19.9,18,not fire
2012-07-23,27,0.4,,22,1014.3,66,19,16.9,13,not fire
2012-07-24,28,0.1,,16,1014.4,78,20,18.1,15,not fire
2012-07-25,31,0,,18,1014.5,65,22,19.6,17,fire
2012-07-26,36,0,,19,1012.9,53,25,21.8,19,fire
2012-07-27,36,0,,13,1011.1,48,24,20.4,15,fire
2012-07-28,33,0,,15,1011.7,76,23,22,19,fire
2012-07-29,32,0,,15,1014.2,73,24,21.7,18,fire
2012-07-30,31,0,,15,1016.7,79,25,23.4,22,fire
2012-07-31,35,0,,17,1015.4,64,25,23.4,22,fire
2012-08-01,36,0,,14,1012.1,45,25,21.2,17,not fire
2012-08-02,35,0.4,,12,1011.6,55,26,21.1,16,not fire
2012-08-03,35,0.3,,14,1012.1,63,26,23.6,16,not fire
2012-08-04,34,0,,13,1011.5,69,25,23,19,fire
2012-08-05,34,0,,13,1008.8,65,26,23,17,fire
2012-08-06,32,0,,14,1014,75,24,20.3,16,fire
2012-08-07,32,0,,16,1017.3,69,27,23.3,19,fire
2012-08-08,32,0.3,,18,1015.7,60,27,24.5,19,not fire
2012-08-09,35,0,,17,1017.6,59,27,23.4,17,fire
2012-08-10,35,0,,14,1016.7,55,28,22.6,18,fire
2012-08-11,35,0,,13,1014.7,63,25,21.7,17,fire
2012-08-12,35,0.3,,13,1011.3,51,24,18,14,not fire
2012-08-13,35,0,,15,1010.9,63,25,19.6,15,fire
2012-08-14,33,0,,14,1012,66,25,21.3,17,fire
2012-08-15,36,0.3,,13,1012.4,55,25,21.2,16,fire
2012-08-16,36,0.3,,18,1014.7,61,25,21.2,17,fire
2012-08-17,37,0,,18,1014,52,27,21,15,fire
2012-08-18,36,0,,18,1014.3,54,25,19.6,14,fire
2012-08-19,35,0,,19,1016.5,62,26,21.6,16,fire
2012-08-20,35,0,,19,1018,68,26,22.2,19,fire
2012-08-21,36,0,,19,974.3,58,25,20.7,16,fire
2012-08-22,36,0,,18,1014.5,55,26,19.8,14,fire
2012-08-23,36,0,,16,1011.1,53,25,20.3,13,fire
2012-08-24,34,0,,14,1010.5,64,26,22.4,17,fire
2012-08-25,35,0,,15,1012.2,60,24,19,14,fire
2012-08-26,31,0,,18,1016.5,78,26,21.8,18,fire
2012-08-27,33,0,,21,1017.6,82,24,23.1,22,fire
2012-08-28,34,0,,16,1016.6,64,25,22.2,20,fire
2012-08-29,35,0,,18,1015.2,48,25,19.5,14,fire
2012-08-30,35,0.8,,17,1015.1,70,26,21.9,14,not fire
2012-08-31,28,16.8,,21,1017.8,80,23,20.4,18,not fire
2012-09-01,25,7.2,,17,1017.5,76,20,18.1,17,not fire
2012-09-02,22,10.1,,15,1018.2,86,17,14.9,13,not fire
2012-09-03,25,3.8,,15,1017.2,78,17,15.8,15,not fire
2012-09-04,29,0.1,,17,1016.1,73,19,16.2,13,not fire
2012-09-05,29,0,,16,1016.1,75,20,18.6,16,fire
2012-09-06,29,0.1,,19,1017.8,74,21,20.3,19,not fire
2012-09-07,31,0.3,,17,1018.9,71,23,21.4,19,not fire
2012-09-08,30,0.9,,17,1017.7,73,24,22.6,21,not fire
2012-09-09,30,1,,15,1016.9,77,24,22.3,21,not fire
2012-09-10,33,1.8,,12,1015,73,24,21.7,19,not fire
2012-09-11,30,1.8,,21,1014.9,77,24,19.9,14,not fire
2012-09-12,29,0,,13,1014.5,88,23,21.4,20,not fire
2012-09-13,25,4.6,,21,1012.4,86,21,18.8,17,not fire
2012-09-14,22,8.3,,26,1013.5,76,18,16.7,16,not fire
2012-09-15,24,0.4,,15,1015.1,82,19,16.4,15,not fire
2012-09-16,30,0,,14,1014.5,65,20,15.7,13,not fire
2012-09-17,31,0,,14,1013.7,52,21,15.8,11,fire
2012-09-18,32,0,,11,1012.4,49,23,16.8,10,fire
2012-09-19,29,0,,14,1012.8,57,23,19.2,11,fire
2012-09-20,28,0,,18,1016.3,84,23,22,21,fire
2012-09-21,31,0,,11,1014.8,55,24,20.8,18,fire
2012-09-22,31,0.6,,19,1013.2,50,23,18.1,11,not fire
2012-09-23,32,0.5,,11,1013.4,54,24,19.9,16,not fire
2012-09-24,29,0.6,,19,1014,65,23,18.7,13,not fire
2012-09-25,26,5.8,,21,1011,81,21,19.2,16,not fire
2012-09-26,31,0,,11,1009.4,54,23,20.3,17,not fire
2012-09-27,31,0,,11,1010,66,23,21,19,fire
2012-09-28,32,0.7,,14,1007.3,47,24,21.5,20,not fire
2012-09-29,26,1.8,,16,1012.8,80,20,18.3,16,not fire
2012-09-30,25,1.4,,14,1015.7,78,19,17.3,15,not fire